file,topic,topic_name,level,question,answer
t01_b.md,t01,Разнообразие живых организмов. Биосфера и экосистема,Базовый,1,C
t01_b.md,t01,Разнообразие живых организмов. Биосфера и экосистема,Базовый,2,A
t01_b.md,t01,Разнообразие живых организмов. Биосфера и экосистема,Базовый,3,B
t01_b.md,t01,Разнообразие живых организмов. Биосфера и экосистема,Базовый,4,B
t01_b.md,t01,Разнообразие живых организмов. Биосфера и экосистема,Базовый,5,B
t01_b.md,t01,Разнообразие живых организмов. Биосфера и экосистема,Базовый,6,D
t01_b.md,t01,Разнообразие живых организмов. Биосфера и экосистема,Базовый,7,B
t01_b.md,t01,Разнообразие живых организмов. Биосфера и экосистема,Базовый,8,D
t01_b.md,t01,Разнообразие живых организмов. Биосфера и экосистема,Базовый,9,C
t01_b.md,t01,Разнообразие живых организмов. Биосфера и экосистема,Базовый,10,A
t01_b.md,t01,Разнообразие живых организмов. Биосфера и экосистема,Базовый,11,D
t01_b.md,t01,Разнообразие живых организмов. Биосфера и экосистема,Базовый,12,C
t01_b.md,t01,Разнообразие живых организмов. Биосфера и экосистема,Базовый,13,B
t01_b.md,t01,Разнообразие живых организмов. Биосфера и экосистема,Базовый,14,B
t01_b.md,t01,Разнообразие живых организмов. Биосфера и экосистема,Базовый,15,A
t01_b.md,t01,Разнообразие живых организмов. Биосфера и экосистема,Базовый,16,A
t01_b.md,t01,Разнообразие живых организмов. Биосфера и экосистема,Базовый,17,A
t01_b.md,t01,Разнообразие живых организмов. Биосфера и экосистема,Базовый,18,B
t01_b.md,t01,Разнообразие живых организмов. Биосфера и экосистема,Базовый,19,C
t01_b.md,t01,Разнообразие живых организмов. Биосфера и экосистема,Базовый,20,B
t01_b.md,t01,Разнообразие живых организмов. Биосфера и экосистема,Базовый,21,D
t01_b.md,t01,Разнообразие живых организмов. Биосфера и экосистема,Базовый,22,D
t01_b.md,t01,Разнообразие живых организмов. Биосфера и экосистема,Базовый,23,A
t01_b.md,t01,Разнообразие живых организмов. Биосфера и экосистема,Базовый,24,C
t01_b.md,t01,Разнообразие живых организмов. Биосфера и экосистема,Базовый,25,C
t01_b.md,t01,Разнообразие живых организмов. Биосфера и экосистема,Базовый,26,C
t01_b.md,t01,Разнообразие живых организмов. Биосфера и экосистема,Базовый,27,A
t01_b.md,t01,Разнообразие живых организмов. Биосфера и экосистема,Базовый,28,C
t01_b.md,t01,Разнообразие живых организмов. Биосфера и экосистема,Базовый,29,C
t01_b.md,t01,Разнообразие живых организмов. Биосфера и экосистема,Базовый,30,D
t01_b.md,t01,Разнообразие живых организмов. Биосфера и экосистема,Базовый,31,AB
t01_b.md,t01,Разнообразие живых организмов. Биосфера и экосистема,Базовый,32,AC
t01_b.md,t01,Разнообразие живых организмов. Биосфера и экосистема,Базовый,33,BD
t01_b.md,t01,Разнообразие живых организмов. Биосфера и экосистема,Базовый,34,CD
t01_b.md,t01,Разнообразие живых организмов. Биосфера и экосистема,Базовый,35,BC
t01_b.md,t01,Разнообразие живых организмов. Биосфера и экосистема,Базовый,36,1-C; 2-D; 3-A; 4-B
t01_b.md,t01,Разнообразие живых организмов. Биосфера и экосистема,Базовый,37,1-B; 2-D; 3-A; 4-C
t01_b.md,t01,Разнообразие живых организмов. Биосфера и экосистема,Базовый,38,1-C; 2-B; 3-A; 4-D
t01_b.md,t01,Разнообразие живых организмов. Биосфера и экосистема,Базовый,39,1-B; 2-C; 3-A; 4-D
t01_b.md,t01,Разнообразие живых организмов. Биосфера и экосистема,Базовый,40,1-B; 2-D; 3-C; 4-A
t01_m.md,t01,Разнообразие живых организмов. Биосфера и экосистема,Средний,1,C
t01_m.md,t01,Разнообразие живых организмов. Биосфера и экосистема,Средний,2,C
t01_m.md,t01,Разнообразие живых организмов. Биосфера и экосистема,Средний,3,D
t01_m.md,t01,Разнообразие живых организмов. Биосфера и экосистема,Средний,4,C
t01_m.md,t01,Разнообразие живых организмов. Биосфера и экосистема,Средний,5,D
t01_m.md,t01,Разнообразие живых организмов. Биосфера и экосистема,Средний,6,C
t01_m.md,t01,Разнообразие живых организмов. Биосфера и экосистема,Средний,7,A
t01_m.md,t01,Разнообразие живых организмов. Биосфера и экосистема,Средний,8,C
t01_m.md,t01,Разнообразие живых организмов. Биосфера и экосистема,Средний,9,D
t01_m.md,t01,Разнообразие живых организмов. Биосфера и экосистема,Средний,10,B
t01_m.md,t01,Разнообразие живых организмов. Биосфера и экосистема,Средний,11,A
t01_m.md,t01,Разнообразие живых организмов. Биосфера и экосистема,Средний,12,B
t01_m.md,t01,Разнообразие живых организмов. Биосфера и экосистема,Средний,13,D
t01_m.md,t01,Разнообразие живых организмов. Биосфера и экосистема,Средний,14,B
t01_m.md,t01,Разнообразие живых организмов. Биосфера и экосистема,Средний,15,C
t01_m.md,t01,Разнообразие живых организмов. Биосфера и экосистема,Средний,16,B
t01_m.md,t01,Разнообразие живых организмов. Биосфера и экосистема,Средний,17,B
t01_m.md,t01,Разнообразие живых организмов. Биосфера и экосистема,Средний,18,C
t01_m.md,t01,Разнообразие живых организмов. Биосфера и экосистема,Средний,19,B
t01_m.md,t01,Разнообразие живых организмов. Биосфера и экосистема,Средний,20,B
t01_m.md,t01,Разнообразие живых организмов. Биосфера и экосистема,Средний,21,D
t01_m.md,t01,Разнообразие живых организмов. Биосфера и экосистема,Средний,22,D
t01_m.md,t01,Разнообразие живых организмов. Биосфера и экосистема,Средний,23,A
t01_m.md,t01,Разнообразие живых организмов. Биосфера и экосистема,Средний,24,D
t01_m.md,t01,Разнообразие живых организмов. Биосфера и экосистема,Средний,25,D
t01_m.md,t01,Разнообразие живых организмов. Биосфера и экосистема,Средний,26,C
t01_m.md,t01,Разнообразие живых организмов. Биосфера и экосистема,Средний,27,A
t01_m.md,t01,Разнообразие живых организмов. Биосфера и экосистема,Средний,28,A
t01_m.md,t01,Разнообразие живых организмов. Биосфера и экосистема,Средний,29,D
t01_m.md,t01,Разнообразие живых организмов. Биосфера и экосистема,Средний,30,B
t01_m.md,t01,Разнообразие живых организмов. Биосфера и экосистема,Средний,31,CD
t01_m.md,t01,Разнообразие живых организмов. Биосфера и экосистема,Средний,32,AB
t01_m.md,t01,Разнообразие живых организмов. Биосфера и экосистема,Средний,33,AC
t01_m.md,t01,Разнообразие живых организмов. Биосфера и экосистема,Средний,34,BD
t01_m.md,t01,Разнообразие живых организмов. Биосфера и экосистема,Средний,35,AD
t01_m.md,t01,Разнообразие живых организмов. Биосфера и экосистема,Средний,36,1-D; 2-C; 3-B; 4-A
t01_m.md,t01,Разнообразие живых организмов. Биосфера и экосистема,Средний,37,1-C; 2-A; 3-B; 4-D
t01_m.md,t01,Разнообразие живых организмов. Биосфера и экосистема,Средний,38,1-C; 2-D; 3-A; 4-B
t01_m.md,t01,Разнообразие живых организмов. Биосфера и экосистема,Средний,39,1-D; 2-B; 3-A; 4-C
t01_m.md,t01,Разнообразие живых организмов. Биосфера и экосистема,Средний,40,1-A; 2-C; 3-D; 4-B
t01_h.md,t01,Разнообразие живых организмов. Биосфера и экосистема,Высокий,1,B
t01_h.md,t01,Разнообразие живых организмов. Биосфера и экосистема,Высокий,2,A
t01_h.md,t01,Разнообразие живых организмов. Биосфера и экосистема,Высокий,3,D
t01_h.md,t01,Разнообразие живых организмов. Биосфера и экосистема,Высокий,4,D
t01_h.md,t01,Разнообразие живых организмов. Биосфера и экосистема,Высокий,5,A
t01_h.md,t01,Разнообразие живых организмов. Биосфера и экосистема,Высокий,6,C
t01_h.md,t01,Разнообразие живых организмов. Биосфера и экосистема,Высокий,7,D
t01_h.md,t01,Разнообразие живых организмов. Биосфера и экосистема,Высокий,8,B
t01_h.md,t01,Разнообразие живых организмов. Биосфера и экосистема,Высокий,9,D
t01_h.md,t01,Разнообразие живых организмов. Биосфера и экосистема,Высокий,10,B
t01_h.md,t01,Разнообразие живых организмов. Биосфера и экосистема,Высокий,11,B
t01_h.md,t01,Разнообразие живых организмов. Биосфера и экосистема,Высокий,12,A
t01_h.md,t01,Разнообразие живых организмов. Биосфера и экосистема,Высокий,13,B
t01_h.md,t01,Разнообразие живых организмов. Биосфера и экосистема,Высокий,14,C
t01_h.md,t01,Разнообразие живых организмов. Биосфера и экосистема,Высокий,15,B
t01_h.md,t01,Разнообразие живых организмов. Биосфера и экосистема,Высокий,16,A
t01_h.md,t01,Разнообразие живых организмов. Биосфера и экосистема,Высокий,17,C
t01_h.md,t01,Разнообразие живых организмов. Биосфера и экосистема,Высокий,18,A
t01_h.md,t01,Разнообразие живых организмов. Биосфера и экосистема,Высокий,19,B
t01_h.md,t01,Разнообразие живых организмов. Биосфера и экосистема,Высокий,20,B
t01_h.md,t01,Разнообразие живых организмов. Биосфера и экосистема,Высокий,21,C
t01_h.md,t01,Разнообразие живых организмов. Биосфера и экосистема,Высокий,22,C
t01_h.md,t01,Разнообразие живых организмов. Биосфера и экосистема,Высокий,23,C
t01_h.md,t01,Разнообразие живых организмов. Биосфера и экосистема,Высокий,24,D
t01_h.md,t01,Разнообразие живых организмов. Биосфера и экосистема,Высокий,25,C
t01_h.md,t01,Разнообразие живых организмов. Биосфера и экосистема,Высокий,26,D
t01_h.md,t01,Разнообразие живых организмов. Биосфера и экосистема,Высокий,27,B
t01_h.md,t01,Разнообразие живых организмов. Биосфера и экосистема,Высокий,28,B
t01_h.md,t01,Разнообразие живых организмов. Биосфера и экосистема,Высокий,29,A
t01_h.md,t01,Разнообразие живых организмов. Биосфера и экосистема,Высокий,30,D
t01_h.md,t01,Разнообразие живых организмов. Биосфера и экосистема,Высокий,31,CD
t01_h.md,t01,Разнообразие живых организмов. Биосфера и экосистема,Высокий,32,BD
t01_h.md,t01,Разнообразие живых организмов. Биосфера и экосистема,Высокий,33,CD
t01_h.md,t01,Разнообразие живых организмов. Биосфера и экосистема,Высокий,34,CD
t01_h.md,t01,Разнообразие живых организмов. Биосфера и экосистема,Высокий,35,AD
t01_h.md,t01,Разнообразие живых организмов. Биосфера и экосистема,Высокий,36,1-B; 2-D; 3-A; 4-C
t01_h.md,t01,Разнообразие живых организмов. Биосфера и экосистема,Высокий,37,1-B; 2-C; 3-A; 4-D
t01_h.md,t01,Разнообразие живых организмов. Биосфера и экосистема,Высокий,38,1-D; 2-C; 3-A; 4-B
t01_h.md,t01,Разнообразие живых организмов. Биосфера и экосистема,Высокий,39,1-C; 2-A; 3-B; 4-D
t01_h.md,t01,Разнообразие живых организмов. Биосфера и экосистема,Высокий,40,1-B; 2-A; 3-D; 4-C
t02_b.md,t02,Питание,Базовый,1,C
t02_b.md,t02,Питание,Базовый,2,B
t02_b.md,t02,Питание,Базовый,3,D
t02_b.md,t02,Питание,Базовый,4,D
t02_b.md,t02,Питание,Базовый,5,A
t02_b.md,t02,Питание,Базовый,6,A
t02_b.md,t02,Питание,Базовый,7,D
t02_b.md,t02,Питание,Базовый,8,D
t02_b.md,t02,Питание,Базовый,9,D
t02_b.md,t02,Питание,Базовый,10,B
t02_b.md,t02,Питание,Базовый,11,C
t02_b.md,t02,Питание,Базовый,12,B
t02_b.md,t02,Питание,Базовый,13,D
t02_b.md,t02,Питание,Базовый,14,C
t02_b.md,t02,Питание,Базовый,15,A
t02_b.md,t02,Питание,Базовый,16,D
t02_b.md,t02,Питание,Базовый,17,A
t02_b.md,t02,Питание,Базовый,18,D
t02_b.md,t02,Питание,Базовый,19,A
t02_b.md,t02,Питание,Базовый,20,D
t02_b.md,t02,Питание,Базовый,21,A
t02_b.md,t02,Питание,Базовый,22,A
t02_b.md,t02,Питание,Базовый,23,B
t02_b.md,t02,Питание,Базовый,24,B
t02_b.md,t02,Питание,Базовый,25,C
t02_b.md,t02,Питание,Базовый,26,C
t02_b.md,t02,Питание,Базовый,27,C
t02_b.md,t02,Питание,Базовый,28,D
t02_b.md,t02,Питание,Базовый,29,D
t02_b.md,t02,Питание,Базовый,30,D
t02_b.md,t02,Питание,Базовый,31,AB
t02_b.md,t02,Питание,Базовый,32,BC
t02_b.md,t02,Питание,Базовый,33,CD
t02_b.md,t02,Питание,Базовый,34,AD
t02_b.md,t02,Питание,Базовый,35,BC
t02_b.md,t02,Питание,Базовый,36,1-A; 2-D; 3-B; 4-C
t02_b.md,t02,Питание,Базовый,37,1-C; 2-D; 3-B; 4-A
t02_b.md,t02,Питание,Базовый,38,1-D; 2-C; 3-A; 4-B
t02_b.md,t02,Питание,Базовый,39,1-D; 2-B; 3-A; 4-C
t02_b.md,t02,Питание,Базовый,40,1-D; 2-A; 3-C; 4-B
t02_m.md,t02,Питание,Средний,1,D
t02_m.md,t02,Питание,Средний,2,B
t02_m.md,t02,Питание,Средний,3,C
t02_m.md,t02,Питание,Средний,4,C
t02_m.md,t02,Питание,Средний,5,B
t02_m.md,t02,Питание,Средний,6,B
t02_m.md,t02,Питание,Средний,7,A
t02_m.md,t02,Питание,Средний,8,C
t02_m.md,t02,Питание,Средний,9,D
t02_m.md,t02,Питание,Средний,10,B
t02_m.md,t02,Питание,Средний,11,C
t02_m.md,t02,Питание,Средний,12,C
t02_m.md,t02,Питание,Средний,13,B
t02_m.md,t02,Питание,Средний,14,D
t02_m.md,t02,Питание,Средний,15,A
t02_m.md,t02,Питание,Средний,16,C
t02_m.md,t02,Питание,Средний,17,C
t02_m.md,t02,Питание,Средний,18,C
t02_m.md,t02,Питание,Средний,19,A
t02_m.md,t02,Питание,Средний,20,B
t02_m.md,t02,Питание,Средний,21,A
t02_m.md,t02,Питание,Средний,22,D
t02_m.md,t02,Питание,Средний,23,A
t02_m.md,t02,Питание,Средний,24,B
t02_m.md,t02,Питание,Средний,25,A
t02_m.md,t02,Питание,Средний,26,B
t02_m.md,t02,Питание,Средний,27,D
t02_m.md,t02,Питание,Средний,28,D
t02_m.md,t02,Питание,Средний,29,A
t02_m.md,t02,Питание,Средний,30,A
t02_m.md,t02,Питание,Средний,31,BC
t02_m.md,t02,Питание,Средний,32,CD
t02_m.md,t02,Питание,Средний,33,AD
t02_m.md,t02,Питание,Средний,34,BD
t02_m.md,t02,Питание,Средний,35,BD
t02_m.md,t02,Питание,Средний,36,1-C; 2-B; 3-A; 4-D
t02_m.md,t02,Питание,Средний,37,1-C; 2-B; 3-A; 4-D
t02_m.md,t02,Питание,Средний,38,1-D; 2-B; 3-C; 4-A
t02_m.md,t02,Питание,Средний,39,1-A; 2-D; 3-C; 4-B
t02_m.md,t02,Питание,Средний,40,1-D; 2-C; 3-A; 4-B
t02_h.md,t02,Питание,Высокий,1,B
t02_h.md,t02,Питание,Высокий,2,A
t02_h.md,t02,Питание,Высокий,3,A
t02_h.md,t02,Питание,Высокий,4,D
t02_h.md,t02,Питание,Высокий,5,A
t02_h.md,t02,Питание,Высокий,6,C
t02_h.md,t02,Питание,Высокий,7,C
t02_h.md,t02,Питание,Высокий,8,D
t02_h.md,t02,Питание,Высокий,9,A
t02_h.md,t02,Питание,Высокий,10,D
t02_h.md,t02,Питание,Высокий,11,C
t02_h.md,t02,Питание,Высокий,12,C
t02_h.md,t02,Питание,Высокий,13,B
t02_h.md,t02,Питание,Высокий,14,B
t02_h.md,t02,Питание,Высокий,15,D
t02_h.md,t02,Питание,Высокий,16,B
t02_h.md,t02,Питание,Высокий,17,B
t02_h.md,t02,Питание,Высокий,18,B
t02_h.md,t02,Питание,Высокий,19,D
t02_h.md,t02,Питание,Высокий,20,D
t02_h.md,t02,Питание,Высокий,21,C
t02_h.md,t02,Питание,Высокий,22,D
t02_h.md,t02,Питание,Высокий,23,C
t02_h.md,t02,Питание,Высокий,24,B
t02_h.md,t02,Питание,Высокий,25,D
t02_h.md,t02,Питание,Высокий,26,A
t02_h.md,t02,Питание,Высокий,27,B
t02_h.md,t02,Питание,Высокий,28,C
t02_h.md,t02,Питание,Высокий,29,A
t02_h.md,t02,Питание,Высокий,30,B
t02_h.md,t02,Питание,Высокий,31,AB
t02_h.md,t02,Питание,Высокий,32,BC
t02_h.md,t02,Питание,Высокий,33,CD
t02_h.md,t02,Питание,Высокий,34,AB
t02_h.md,t02,Питание,Высокий,35,BD
t02_h.md,t02,Питание,Высокий,36,1-D; 2-C; 3-B; 4-A
t02_h.md,t02,Питание,Высокий,37,1-D; 2-B; 3-C; 4-A
t02_h.md,t02,Питание,Высокий,38,1-D; 2-B; 3-C; 4-A
t02_h.md,t02,Питание,Высокий,39,1-B; 2-A; 3-D; 4-C
t02_h.md,t02,Питание,Высокий,40,1-A; 2-B; 3-D; 4-C
t03_b.md,t03,Транспорт веществ,Базовый,1,C
t03_b.md,t03,Транспорт веществ,Базовый,2,D
t03_b.md,t03,Транспорт веществ,Базовый,3,A
t03_b.md,t03,Транспорт веществ,Базовый,4,C
t03_b.md,t03,Транспорт веществ,Базовый,5,C
t03_b.md,t03,Транспорт веществ,Базовый,6,A
t03_b.md,t03,Транспорт веществ,Базовый,7,C
t03_b.md,t03,Транспорт веществ,Базовый,8,A
t03_b.md,t03,Транспорт веществ,Базовый,9,D
t03_b.md,t03,Транспорт веществ,Базовый,10,B
t03_b.md,t03,Транспорт веществ,Базовый,11,D
t03_b.md,t03,Транспорт веществ,Базовый,12,D
t03_b.md,t03,Транспорт веществ,Базовый,13,D
t03_b.md,t03,Транспорт веществ,Базовый,14,D
t03_b.md,t03,Транспорт веществ,Базовый,15,B
t03_b.md,t03,Транспорт веществ,Базовый,16,C
t03_b.md,t03,Транспорт веществ,Базовый,17,D
t03_b.md,t03,Транспорт веществ,Базовый,18,B
t03_b.md,t03,Транспорт веществ,Базовый,19,D
t03_b.md,t03,Транспорт веществ,Базовый,20,B
t03_b.md,t03,Транспорт веществ,Базовый,21,A
t03_b.md,t03,Транспорт веществ,Базовый,22,C
t03_b.md,t03,Транспорт веществ,Базовый,23,C
t03_b.md,t03,Транспорт веществ,Базовый,24,C
t03_b.md,t03,Транспорт веществ,Базовый,25,D
t03_b.md,t03,Транспорт веществ,Базовый,26,A
t03_b.md,t03,Транспорт веществ,Базовый,27,A
t03_b.md,t03,Транспорт веществ,Базовый,28,C
t03_b.md,t03,Транспорт веществ,Базовый,29,C
t03_b.md,t03,Транспорт веществ,Базовый,30,C
t03_b.md,t03,Транспорт веществ,Базовый,31,AD
t03_b.md,t03,Транспорт веществ,Базовый,32,CD
t03_b.md,t03,Транспорт веществ,Базовый,33,BD
t03_b.md,t03,Транспорт веществ,Базовый,34,BD
t03_b.md,t03,Транспорт веществ,Базовый,35,AB
t03_b.md,t03,Транспорт веществ,Базовый,36,1-A; 2-B; 3-D; 4-C
t03_b.md,t03,Транспорт веществ,Базовый,37,1-B; 2-A; 3-D; 4-C
t03_b.md,t03,Транспорт веществ,Базовый,38,1-B; 2-D; 3-A; 4-C
t03_b.md,t03,Транспорт веществ,Базовый,39,1-A; 2-D; 3-C; 4-B
t03_b.md,t03,Транспорт веществ,Базовый,40,1-C; 2-D; 3-B; 4-A
t03_m.md,t03,Транспорт веществ,Средний,1,D
t03_m.md,t03,Транспорт веществ,Средний,2,D
t03_m.md,t03,Транспорт веществ,Средний,3,D
t03_m.md,t03,Транспорт веществ,Средний,4,D
t03_m.md,t03,Транспорт веществ,Средний,5,C
t03_m.md,t03,Транспорт веществ,Средний,6,B
t03_m.md,t03,Транспорт веществ,Средний,7,B
t03_m.md,t03,Транспорт веществ,Средний,8,C
t03_m.md,t03,Транспорт веществ,Средний,9,C
t03_m.md,t03,Транспорт веществ,Средний,10,B
t03_m.md,t03,Транспорт веществ,Средний,11,A
t03_m.md,t03,Транспорт веществ,Средний,12,A
t03_m.md,t03,Транспорт веществ,Средний,13,C
t03_m.md,t03,Транспорт веществ,Средний,14,C
t03_m.md,t03,Транспорт веществ,Средний,15,C
t03_m.md,t03,Транспорт веществ,Средний,16,D
t03_m.md,t03,Транспорт веществ,Средний,17,B
t03_m.md,t03,Транспорт веществ,Средний,18,A
t03_m.md,t03,Транспорт веществ,Средний,19,B
t03_m.md,t03,Транспорт веществ,Средний,20,D
t03_m.md,t03,Транспорт веществ,Средний,21,B
t03_m.md,t03,Транспорт веществ,Средний,22,C
t03_m.md,t03,Транспорт веществ,Средний,23,A
t03_m.md,t03,Транспорт веществ,Средний,24,B
t03_m.md,t03,Транспорт веществ,Средний,25,B
t03_m.md,t03,Транспорт веществ,Средний,26,C
t03_m.md,t03,Транспорт веществ,Средний,27,B
t03_m.md,t03,Транспорт веществ,Средний,28,A
t03_m.md,t03,Транспорт веществ,Средний,29,C
t03_m.md,t03,Транспорт веществ,Средний,30,D
t03_m.md,t03,Транспорт веществ,Средний,31,AB
t03_m.md,t03,Транспорт веществ,Средний,32,BD
t03_m.md,t03,Транспорт веществ,Средний,33,BD
t03_m.md,t03,Транспорт веществ,Средний,34,BC
t03_m.md,t03,Транспорт веществ,Средний,35,AB
t03_m.md,t03,Транспорт веществ,Средний,36,1-C; 2-B; 3-A; 4-D
t03_m.md,t03,Транспорт веществ,Средний,37,1-A; 2-D; 3-C; 4-B
t03_m.md,t03,Транспорт веществ,Средний,38,1-D; 2-A; 3-B; 4-C
t03_m.md,t03,Транспорт веществ,Средний,39,1-D; 2-C; 3-A; 4-B
t03_m.md,t03,Транспорт веществ,Средний,40,1-B; 2-D; 3-A; 4-C
t03_h.md,t03,Транспорт веществ,Высокий,1,D
t03_h.md,t03,Транспорт веществ,Высокий,2,C
t03_h.md,t03,Транспорт веществ,Высокий,3,D
t03_h.md,t03,Транспорт веществ,Высокий,4,D
t03_h.md,t03,Транспорт веществ,Высокий,5,C
t03_h.md,t03,Транспорт веществ,Высокий,6,B
t03_h.md,t03,Транспорт веществ,Высокий,7,B
t03_h.md,t03,Транспорт веществ,Высокий,8,C
t03_h.md,t03,Транспорт веществ,Высокий,9,D
t03_h.md,t03,Транспорт веществ,Высокий,10,D
t03_h.md,t03,Транспорт веществ,Высокий,11,A
t03_h.md,t03,Транспорт веществ,Высокий,12,A
t03_h.md,t03,Транспорт веществ,Высокий,13,A
t03_h.md,t03,Транспорт веществ,Высокий,14,D
t03_h.md,t03,Транспорт веществ,Высокий,15,C
t03_h.md,t03,Транспорт веществ,Высокий,16,A
t03_h.md,t03,Транспорт веществ,Высокий,17,B
t03_h.md,t03,Транспорт веществ,Высокий,18,D
t03_h.md,t03,Транспорт веществ,Высокий,19,A
t03_h.md,t03,Транспорт веществ,Высокий,20,D
t03_h.md,t03,Транспорт веществ,Высокий,21,C
t03_h.md,t03,Транспорт веществ,Высокий,22,A
t03_h.md,t03,Транспорт веществ,Высокий,23,B
t03_h.md,t03,Транспорт веществ,Высокий,24,A
t03_h.md,t03,Транспорт веществ,Высокий,25,C
t03_h.md,t03,Транспорт веществ,Высокий,26,C
t03_h.md,t03,Транспорт веществ,Высокий,27,D
t03_h.md,t03,Транспорт веществ,Высокий,28,D
t03_h.md,t03,Транспорт веществ,Высокий,29,A
t03_h.md,t03,Транспорт веществ,Высокий,30,B
t03_h.md,t03,Транспорт веществ,Высокий,31,AC
t03_h.md,t03,Транспорт веществ,Высокий,32,AC
t03_h.md,t03,Транспорт веществ,Высокий,33,CD
t03_h.md,t03,Транспорт веществ,Высокий,34,BC
t03_h.md,t03,Транспорт веществ,Высокий,35,AC
t03_h.md,t03,Транспорт веществ,Высокий,36,1-D; 2-C; 3-A; 4-B
t03_h.md,t03,Транспорт веществ,Высокий,37,1-C; 2-D; 3-B; 4-A
t03_h.md,t03,Транспорт веществ,Высокий,38,1-D; 2-C; 3-B; 4-A
t03_h.md,t03,Транспорт веществ,Высокий,39,1-C; 2-D; 3-B; 4-A
t03_h.md,t03,Транспорт веществ,Высокий,40,1-B; 2-C; 3-A; 4-D
t04_b.md,t04,Дыхание,Базовый,1,A
t04_b.md,t04,Дыхание,Базовый,2,A
t04_b.md,t04,Дыхание,Базовый,3,B
t04_b.md,t04,Дыхание,Базовый,4,B
t04_b.md,t04,Дыхание,Базовый,5,C
t04_b.md,t04,Дыхание,Базовый,6,A
t04_b.md,t04,Дыхание,Базовый,7,C
t04_b.md,t04,Дыхание,Базовый,8,B
t04_b.md,t04,Дыхание,Базовый,9,B
t04_b.md,t04,Дыхание,Базовый,10,C
t04_b.md,t04,Дыхание,Базовый,11,A
t04_b.md,t04,Дыхание,Базовый,12,C
t04_b.md,t04,Дыхание,Базовый,13,A
t04_b.md,t04,Дыхание,Базовый,14,A
t04_b.md,t04,Дыхание,Базовый,15,C
t04_b.md,t04,Дыхание,Базовый,16,C
t04_b.md,t04,Дыхание,Базовый,17,D
t04_b.md,t04,Дыхание,Базовый,18,D
t04_b.md,t04,Дыхание,Базовый,19,D
t04_b.md,t04,Дыхание,Базовый,20,C
t04_b.md,t04,Дыхание,Базовый,21,B
t04_b.md,t04,Дыхание,Базовый,22,A
t04_b.md,t04,Дыхание,Базовый,23,A
t04_b.md,t04,Дыхание,Базовый,24,C
t04_b.md,t04,Дыхание,Базовый,25,C
t04_b.md,t04,Дыхание,Базовый,26,C
t04_b.md,t04,Дыхание,Базовый,27,D
t04_b.md,t04,Дыхание,Базовый,28,A
t04_b.md,t04,Дыхание,Базовый,29,A
t04_b.md,t04,Дыхание,Базовый,30,A
t04_b.md,t04,Дыхание,Базовый,31,AB
t04_b.md,t04,Дыхание,Базовый,32,AC
t04_b.md,t04,Дыхание,Базовый,33,BC
t04_b.md,t04,Дыхание,Базовый,34,AC
t04_b.md,t04,Дыхание,Базовый,35,BC
t04_b.md,t04,Дыхание,Базовый,36,1-A; 2-C; 3-D; 4-B
t04_b.md,t04,Дыхание,Базовый,37,1-A; 2-B; 3-D; 4-C
t04_b.md,t04,Дыхание,Базовый,38,1-B; 2-A; 3-C; 4-D
t04_b.md,t04,Дыхание,Базовый,39,1-B; 2-A; 3-D; 4-C
t04_b.md,t04,Дыхание,Базовый,40,1-A; 2-C; 3-D; 4-B
t04_m.md,t04,Дыхание,Средний,1,C
t04_m.md,t04,Дыхание,Средний,2,A
t04_m.md,t04,Дыхание,Средний,3,B
t04_m.md,t04,Дыхание,Средний,4,A
t04_m.md,t04,Дыхание,Средний,5,D
t04_m.md,t04,Дыхание,Средний,6,C
t04_m.md,t04,Дыхание,Средний,7,B
t04_m.md,t04,Дыхание,Средний,8,D
t04_m.md,t04,Дыхание,Средний,9,B
t04_m.md,t04,Дыхание,Средний,10,C
t04_m.md,t04,Дыхание,Средний,11,C
t04_m.md,t04,Дыхание,Средний,12,A
t04_m.md,t04,Дыхание,Средний,13,C
t04_m.md,t04,Дыхание,Средний,14,C
t04_m.md,t04,Дыхание,Средний,15,D
t04_m.md,t04,Дыхание,Средний,16,B
t04_m.md,t04,Дыхание,Средний,17,B
t04_m.md,t04,Дыхание,Средний,18,D
t04_m.md,t04,Дыхание,Средний,19,B
t04_m.md,t04,Дыхание,Средний,20,B
t04_m.md,t04,Дыхание,Средний,21,B
t04_m.md,t04,Дыхание,Средний,22,B
t04_m.md,t04,Дыхание,Средний,23,D
t04_m.md,t04,Дыхание,Средний,24,A
t04_m.md,t04,Дыхание,Средний,25,B
t04_m.md,t04,Дыхание,Средний,26,B
t04_m.md,t04,Дыхание,Средний,27,A
t04_m.md,t04,Дыхание,Средний,28,D
t04_m.md,t04,Дыхание,Средний,29,C
t04_m.md,t04,Дыхание,Средний,30,D
t04_m.md,t04,Дыхание,Средний,31,AC
t04_m.md,t04,Дыхание,Средний,32,BC
t04_m.md,t04,Дыхание,Средний,33,BC
t04_m.md,t04,Дыхание,Средний,34,AB
t04_m.md,t04,Дыхание,Средний,35,AB
t04_m.md,t04,Дыхание,Средний,36,1-B; 2-D; 3-A; 4-C
t04_m.md,t04,Дыхание,Средний,37,1-B; 2-C; 3-A; 4-D
t04_m.md,t04,Дыхание,Средний,38,1-C; 2-B; 3-A; 4-D
t04_m.md,t04,Дыхание,Средний,39,1-A; 2-C; 3-D; 4-B
t04_m.md,t04,Дыхание,Средний,40,1-D; 2-C; 3-A; 4-B
t04_h.md,t04,Дыхание,Высокий,1,A
t04_h.md,t04,Дыхание,Высокий,2,D
t04_h.md,t04,Дыхание,Высокий,3,C
t04_h.md,t04,Дыхание,Высокий,4,C
t04_h.md,t04,Дыхание,Высокий,5,A
t04_h.md,t04,Дыхание,Высокий,6,D
t04_h.md,t04,Дыхание,Высокий,7,B
t04_h.md,t04,Дыхание,Высокий,8,A
t04_h.md,t04,Дыхание,Высокий,9,C
t04_h.md,t04,Дыхание,Высокий,10,B
t04_h.md,t04,Дыхание,Высокий,11,A
t04_h.md,t04,Дыхание,Высокий,12,D
t04_h.md,t04,Дыхание,Высокий,13,B
t04_h.md,t04,Дыхание,Высокий,14,B
t04_h.md,t04,Дыхание,Высокий,15,A
t04_h.md,t04,Дыхание,Высокий,16,D
t04_h.md,t04,Дыхание,Высокий,17,B
t04_h.md,t04,Дыхание,Высокий,18,C
t04_h.md,t04,Дыхание,Высокий,19,C
t04_h.md,t04,Дыхание,Высокий,20,D
t04_h.md,t04,Дыхание,Высокий,21,D
t04_h.md,t04,Дыхание,Высокий,22,D
t04_h.md,t04,Дыхание,Высокий,23,C
t04_h.md,t04,Дыхание,Высокий,24,D
t04_h.md,t04,Дыхание,Высокий,25,D
t04_h.md,t04,Дыхание,Высокий,26,A
t04_h.md,t04,Дыхание,Высокий,27,A
t04_h.md,t04,Дыхание,Высокий,28,C
t04_h.md,t04,Дыхание,Высокий,29,D
t04_h.md,t04,Дыхание,Высокий,30,C
t04_h.md,t04,Дыхание,Высокий,31,BD
t04_h.md,t04,Дыхание,Высокий,32,CD
t04_h.md,t04,Дыхание,Высокий,33,BD
t04_h.md,t04,Дыхание,Высокий,34,BC
t04_h.md,t04,Дыхание,Высокий,35,CD
t04_h.md,t04,Дыхание,Высокий,36,1-A; 2-D; 3-C; 4-B
t04_h.md,t04,Дыхание,Высокий,37,1-D; 2-C; 3-A; 4-B
t04_h.md,t04,Дыхание,Высокий,38,1-C; 2-A; 3-B; 4-D
t04_h.md,t04,Дыхание,Высокий,39,1-B; 2-D; 3-A; 4-C
t04_h.md,t04,Дыхание,Высокий,40,1-D; 2-C; 3-A; 4-B
t05_b.md,t05,Выделение,Базовый,1,D
t05_b.md,t05,Выделение,Базовый,2,D
t05_b.md,t05,Выделение,Базовый,3,D
t05_b.md,t05,Выделение,Базовый,4,A
t05_b.md,t05,Выделение,Базовый,5,A
t05_b.md,t05,Выделение,Базовый,6,D
t05_b.md,t05,Выделение,Базовый,7,B
t05_b.md,t05,Выделение,Базовый,8,B
t05_b.md,t05,Выделение,Базовый,9,B
t05_b.md,t05,Выделение,Базовый,10,C
t05_b.md,t05,Выделение,Базовый,11,C
t05_b.md,t05,Выделение,Базовый,12,A
t05_b.md,t05,Выделение,Базовый,13,C
t05_b.md,t05,Выделение,Базовый,14,A
t05_b.md,t05,Выделение,Базовый,15,D
t05_b.md,t05,Выделение,Базовый,16,A
t05_b.md,t05,Выделение,Базовый,17,B
t05_b.md,t05,Выделение,Базовый,18,B
t05_b.md,t05,Выделение,Базовый,19,B
t05_b.md,t05,Выделение,Базовый,20,C
t05_b.md,t05,Выделение,Базовый,21,D
t05_b.md,t05,Выделение,Базовый,22,C
t05_b.md,t05,Выделение,Базовый,23,C
t05_b.md,t05,Выделение,Базовый,24,B
t05_b.md,t05,Выделение,Базовый,25,A
t05_b.md,t05,Выделение,Базовый,26,D
t05_b.md,t05,Выделение,Базовый,27,B
t05_b.md,t05,Выделение,Базовый,28,C
t05_b.md,t05,Выделение,Базовый,29,D
t05_b.md,t05,Выделение,Базовый,30,A
t05_b.md,t05,Выделение,Базовый,31,AC
t05_b.md,t05,Выделение,Базовый,32,AC
t05_b.md,t05,Выделение,Базовый,33,CD
t05_b.md,t05,Выделение,Базовый,34,AB
t05_b.md,t05,Выделение,Базовый,35,AC
t05_b.md,t05,Выделение,Базовый,36,1-D; 2-C; 3-B; 4-A
t05_b.md,t05,Выделение,Базовый,37,1-D; 2-A; 3-C; 4-B
t05_b.md,t05,Выделение,Базовый,38,1-D; 2-A; 3-C; 4-B
t05_b.md,t05,Выделение,Базовый,39,1-C; 2-D; 3-A; 4-B
t05_b.md,t05,Выделение,Базовый,40,1-B; 2-D; 3-C; 4-A
t05_m.md,t05,Выделение,Средний,1,D
t05_m.md,t05,Выделение,Средний,2,B
t05_m.md,t05,Выделение,Средний,3,B
t05_m.md,t05,Выделение,Средний,4,C
t05_m.md,t05,Выделение,Средний,5,B
t05_m.md,t05,Выделение,Средний,6,A
t05_m.md,t05,Выделение,Средний,7,C
t05_m.md,t05,Выделение,Средний,8,A
t05_m.md,t05,Выделение,Средний,9,C
t05_m.md,t05,Выделение,Средний,10,A
t05_m.md,t05,Выделение,Средний,11,B
t05_m.md,t05,Выделение,Средний,12,C
t05_m.md,t05,Выделение,Средний,13,C
t05_m.md,t05,Выделение,Средний,14,B
t05_m.md,t05,Выделение,Средний,15,B
t05_m.md,t05,Выделение,Средний,16,A
t05_m.md,t05,Выделение,Средний,17,D
t05_m.md,t05,Выделение,Средний,18,C
t05_m.md,t05,Выделение,Средний,19,B
t05_m.md,t05,Выделение,Средний,20,A
t05_m.md,t05,Выделение,Средний,21,A
t05_m.md,t05,Выделение,Средний,22,B
t05_m.md,t05,Выделение,Средний,23,C
t05_m.md,t05,Выделение,Средний,24,B
t05_m.md,t05,Выделение,Средний,25,A
t05_m.md,t05,Выделение,Средний,26,C
t05_m.md,t05,Выделение,Средний,27,D
t05_m.md,t05,Выделение,Средний,28,D
t05_m.md,t05,Выделение,Средний,29,D
t05_m.md,t05,Выделение,Средний,30,D
t05_m.md,t05,Выделение,Средний,31,AD
t05_m.md,t05,Выделение,Средний,32,AB
t05_m.md,t05,Выделение,Средний,33,AB
t05_m.md,t05,Выделение,Средний,34,AC
t05_m.md,t05,Выделение,Средний,35,AC
t05_m.md,t05,Выделение,Средний,36,1-A; 2-D; 3-C; 4-B
t05_m.md,t05,Выделение,Средний,37,1-D; 2-B; 3-A; 4-C
t05_m.md,t05,Выделение,Средний,38,1-C; 2-B; 3-A; 4-D
t05_m.md,t05,Выделение,Средний,39,1-B; 2-C; 3-D; 4-A
t05_m.md,t05,Выделение,Средний,40,1-B; 2-C; 3-D; 4-A
t05_h.md,t05,Выделение,Высокий,1,B
t05_h.md,t05,Выделение,Высокий,2,B
t05_h.md,t05,Выделение,Высокий,3,C
t05_h.md,t05,Выделение,Высокий,4,C
t05_h.md,t05,Выделение,Высокий,5,B
t05_h.md,t05,Выделение,Высокий,6,D
t05_h.md,t05,Выделение,Высокий,7,B
t05_h.md,t05,Выделение,Высокий,8,B
t05_h.md,t05,Выделение,Высокий,9,B
t05_h.md,t05,Выделение,Высокий,10,A
t05_h.md,t05,Выделение,Высокий,11,B
t05_h.md,t05,Выделение,Высокий,12,D
t05_h.md,t05,Выделение,Высокий,13,A
t05_h.md,t05,Выделение,Высокий,14,D
t05_h.md,t05,Выделение,Высокий,15,A
t05_h.md,t05,Выделение,Высокий,16,A
t05_h.md,t05,Выделение,Высокий,17,B
t05_h.md,t05,Выделение,Высокий,18,C
t05_h.md,t05,Выделение,Высокий,19,B
t05_h.md,t05,Выделение,Высокий,20,A
t05_h.md,t05,Выделение,Высокий,21,D
t05_h.md,t05,Выделение,Высокий,22,C
t05_h.md,t05,Выделение,Высокий,23,B
t05_h.md,t05,Выделение,Высокий,24,A
t05_h.md,t05,Выделение,Высокий,25,B
t05_h.md,t05,Выделение,Высокий,26,A
t05_h.md,t05,Выделение,Высокий,27,C
t05_h.md,t05,Выделение,Высокий,28,A
t05_h.md,t05,Выделение,Высокий,29,C
t05_h.md,t05,Выделение,Высокий,30,D
t05_h.md,t05,Выделение,Высокий,31,CD
t05_h.md,t05,Выделение,Высокий,32,BC
t05_h.md,t05,Выделение,Высокий,33,CD
t05_h.md,t05,Выделение,Высокий,34,AB
t05_h.md,t05,Выделение,Высокий,35,AC
t05_h.md,t05,Выделение,Высокий,36,1-A; 2-C; 3-B; 4-D
t05_h.md,t05,Выделение,Высокий,37,1-A; 2-B; 3-C; 4-D
t05_h.md,t05,Выделение,Высокий,38,1-B; 2-D; 3-C; 4-A
t05_h.md,t05,Выделение,Высокий,39,1-D; 2-B; 3-A; 4-C
t05_h.md,t05,Выделение,Высокий,40,1-D; 2-B; 3-C; 4-A
t06_b.md,t06,Движение. Биофизика,Базовый,1,A
t06_b.md,t06,Движение. Биофизика,Базовый,2,C
t06_b.md,t06,Движение. Биофизика,Базовый,3,C
t06_b.md,t06,Движение. Биофизика,Базовый,4,D
t06_b.md,t06,Движение. Биофизика,Базовый,5,D
t06_b.md,t06,Движение. Биофизика,Базовый,6,B
t06_b.md,t06,Движение. Биофизика,Базовый,7,B
t06_b.md,t06,Движение. Биофизика,Базовый,8,B
t06_b.md,t06,Движение. Биофизика,Базовый,9,B
t06_b.md,t06,Движение. Биофизика,Базовый,10,C
t06_b.md,t06,Движение. Биофизика,Базовый,11,B
t06_b.md,t06,Движение. Биофизика,Базовый,12,C
t06_b.md,t06,Движение. Биофизика,Базовый,13,D
t06_b.md,t06,Движение. Биофизика,Базовый,14,B
t06_b.md,t06,Движение. Биофизика,Базовый,15,D
t06_b.md,t06,Движение. Биофизика,Базовый,16,B
t06_b.md,t06,Движение. Биофизика,Базовый,17,A
t06_b.md,t06,Движение. Биофизика,Базовый,18,A
t06_b.md,t06,Движение. Биофизика,Базовый,19,D
t06_b.md,t06,Движение. Биофизика,Базовый,20,B
t06_b.md,t06,Движение. Биофизика,Базовый,21,A
t06_b.md,t06,Движение. Биофизика,Базовый,22,C
t06_b.md,t06,Движение. Биофизика,Базовый,23,C
t06_b.md,t06,Движение. Биофизика,Базовый,24,A
t06_b.md,t06,Движение. Биофизика,Базовый,25,A
t06_b.md,t06,Движение. Биофизика,Базовый,26,B
t06_b.md,t06,Движение. Биофизика,Базовый,27,B
t06_b.md,t06,Движение. Биофизика,Базовый,28,A
t06_b.md,t06,Движение. Биофизика,Базовый,29,B
t06_b.md,t06,Движение. Биофизика,Базовый,30,C
t06_b.md,t06,Движение. Биофизика,Базовый,31,AB
t06_b.md,t06,Движение. Биофизика,Базовый,32,CD
t06_b.md,t06,Движение. Биофизика,Базовый,33,CD
t06_b.md,t06,Движение. Биофизика,Базовый,34,BD
t06_b.md,t06,Движение. Биофизика,Базовый,35,BD
t06_b.md,t06,Движение. Биофизика,Базовый,36,1-A; 2-D; 3-C; 4-B
t06_b.md,t06,Движение. Биофизика,Базовый,37,1-C; 2-A; 3-D; 4-B
t06_b.md,t06,Движение. Биофизика,Базовый,38,1-A; 2-C; 3-D; 4-B
t06_b.md,t06,Движение. Биофизика,Базовый,39,1-A; 2-B; 3-D; 4-C
t06_b.md,t06,Движение. Биофизика,Базовый,40,1-C; 2-A; 3-B; 4-D
t06_m.md,t06,Движение. Биофизика,Средний,1,D
t06_m.md,t06,Движение. Биофизика,Средний,2,D
t06_m.md,t06,Движение. Биофизика,Средний,3,B
t06_m.md,t06,Движение. Биофизика,Средний,4,C
t06_m.md,t06,Движение. Биофизика,Средний,5,D
t06_m.md,t06,Движение. Биофизика,Средний,6,D
t06_m.md,t06,Движение. Биофизика,Средний,7,D
t06_m.md,t06,Движение. Биофизика,Средний,8,C
t06_m.md,t06,Движение. Биофизика,Средний,9,C
t06_m.md,t06,Движение. Биофизика,Средний,10,B
t06_m.md,t06,Движение. Биофизика,Средний,11,C
t06_m.md,t06,Движение. Биофизика,Средний,12,A
t06_m.md,t06,Движение. Биофизика,Средний,13,B
t06_m.md,t06,Движение. Биофизика,Средний,14,D
t06_m.md,t06,Движение. Биофизика,Средний,15,C
t06_m.md,t06,Движение. Биофизика,Средний,16,A
t06_m.md,t06,Движение. Биофизика,Средний,17,C
t06_m.md,t06,Движение. Биофизика,Средний,18,C
t06_m.md,t06,Движение. Биофизика,Средний,19,A
t06_m.md,t06,Движение. Биофизика,Средний,20,C
t06_m.md,t06,Движение. Биофизика,Средний,21,A
t06_m.md,t06,Движение. Биофизика,Средний,22,D
t06_m.md,t06,Движение. Биофизика,Средний,23,B
t06_m.md,t06,Движение. Биофизика,Средний,24,C
t06_m.md,t06,Движение. Биофизика,Средний,25,D
t06_m.md,t06,Движение. Биофизика,Средний,26,A
t06_m.md,t06,Движение. Биофизика,Средний,27,C
t06_m.md,t06,Движение. Биофизика,Средний,28,A
t06_m.md,t06,Движение. Биофизика,Средний,29,A
t06_m.md,t06,Движение. Биофизика,Средний,30,D
t06_m.md,t06,Движение. Биофизика,Средний,31,AD
t06_m.md,t06,Движение. Биофизика,Средний,32,AB
t06_m.md,t06,Движение. Биофизика,Средний,33,CD
t06_m.md,t06,Движение. Биофизика,Средний,34,AC
t06_m.md,t06,Движение. Биофизика,Средний,35,CD
t06_m.md,t06,Движение. Биофизика,Средний,36,1-D; 2-B; 3-C; 4-A
t06_m.md,t06,Движение. Биофизика,Средний,37,1-A; 2-B; 3-C; 4-D
t06_m.md,t06,Движение. Биофизика,Средний,38,1-A; 2-B; 3-D; 4-C
t06_m.md,t06,Движение. Биофизика,Средний,39,1-A; 2-B; 3-C; 4-D
t06_m.md,t06,Движение. Биофизика,Средний,40,1-D; 2-A; 3-C; 4-B
t06_h.md,t06,Движение. Биофизика,Высокий,1,A
t06_h.md,t06,Движение. Биофизика,Высокий,2,C
t06_h.md,t06,Движение. Биофизика,Высокий,3,C
t06_h.md,t06,Движение. Биофизика,Высокий,4,A
t06_h.md,t06,Движение. Биофизика,Высокий,5,A
t06_h.md,t06,Движение. Биофизика,Высокий,6,B
t06_h.md,t06,Движение. Биофизика,Высокий,7,D
t06_h.md,t06,Движение. Биофизика,Высокий,8,D
t06_h.md,t06,Движение. Биофизика,Высокий,9,C
t06_h.md,t06,Движение. Биофизика,Высокий,10,A
t06_h.md,t06,Движение. Биофизика,Высокий,11,C
t06_h.md,t06,Движение. Биофизика,Высокий,12,D
t06_h.md,t06,Движение. Биофизика,Высокий,13,A
t06_h.md,t06,Движение. Биофизика,Высокий,14,C
t06_h.md,t06,Движение. Биофизика,Высокий,15,D
t06_h.md,t06,Движение. Биофизика,Высокий,16,D
t06_h.md,t06,Движение. Биофизика,Высокий,17,C
t06_h.md,t06,Движение. Биофизика,Высокий,18,A
t06_h.md,t06,Движение. Биофизика,Высокий,19,B
t06_h.md,t06,Движение. Биофизика,Высокий,20,C
t06_h.md,t06,Движение. Биофизика,Высокий,21,B
t06_h.md,t06,Движение. Биофизика,Высокий,22,A
t06_h.md,t06,Движение. Биофизика,Высокий,23,A
t06_h.md,t06,Движение. Биофизика,Высокий,24,C
t06_h.md,t06,Движение. Биофизика,Высокий,25,A
t06_h.md,t06,Движение. Биофизика,Высокий,26,B
t06_h.md,t06,Движение. Биофизика,Высокий,27,D
t06_h.md,t06,Движение. Биофизика,Высокий,28,A
t06_h.md,t06,Движение. Биофизика,Высокий,29,D
t06_h.md,t06,Движение. Биофизика,Высокий,30,D
t06_h.md,t06,Движение. Биофизика,Высокий,31,BC
t06_h.md,t06,Движение. Биофизика,Высокий,32,AC
t06_h.md,t06,Движение. Биофизика,Высокий,33,AC
t06_h.md,t06,Движение. Биофизика,Высокий,34,CD
t06_h.md,t06,Движение. Биофизика,Высокий,35,AB
t06_h.md,t06,Движение. Биофизика,Высокий,36,1-D; 2-C; 3-A; 4-B
t06_h.md,t06,Движение. Биофизика,Высокий,37,1-D; 2-B; 3-C; 4-A
t06_h.md,t06,Движение. Биофизика,Высокий,38,1-A; 2-D; 3-C; 4-B
t06_h.md,t06,Движение. Биофизика,Высокий,39,1-B; 2-D; 3-A; 4-C
t06_h.md,t06,Движение. Биофизика,Высокий,40,1-C; 2-B; 3-D; 4-A
t07_b.md,t07,Координация и регуляция,Базовый,1,A
t07_b.md,t07,Координация и регуляция,Базовый,2,C
t07_b.md,t07,Координация и регуляция,Базовый,3,D
t07_b.md,t07,Координация и регуляция,Базовый,4,D
t07_b.md,t07,Координация и регуляция,Базовый,5,C
t07_b.md,t07,Координация и регуляция,Базовый,6,C
t07_b.md,t07,Координация и регуляция,Базовый,7,A
t07_b.md,t07,Координация и регуляция,Базовый,8,D
t07_b.md,t07,Координация и регуляция,Базовый,9,B
t07_b.md,t07,Координация и регуляция,Базовый,10,A
t07_b.md,t07,Координация и регуляция,Базовый,11,C
t07_b.md,t07,Координация и регуляция,Базовый,12,A
t07_b.md,t07,Координация и регуляция,Базовый,13,B
t07_b.md,t07,Координация и регуляция,Базовый,14,C
t07_b.md,t07,Координация и регуляция,Базовый,15,B
t07_b.md,t07,Координация и регуляция,Базовый,16,C
t07_b.md,t07,Координация и регуляция,Базовый,17,B
t07_b.md,t07,Координация и регуляция,Базовый,18,A
t07_b.md,t07,Координация и регуляция,Базовый,19,D
t07_b.md,t07,Координация и регуляция,Базовый,20,A
t07_b.md,t07,Координация и регуляция,Базовый,21,C
t07_b.md,t07,Координация и регуляция,Базовый,22,D
t07_b.md,t07,Координация и регуляция,Базовый,23,D
t07_b.md,t07,Координация и регуляция,Базовый,24,A
t07_b.md,t07,Координация и регуляция,Базовый,25,D
t07_b.md,t07,Координация и регуляция,Базовый,26,D
t07_b.md,t07,Координация и регуляция,Базовый,27,B
t07_b.md,t07,Координация и регуляция,Базовый,28,C
t07_b.md,t07,Координация и регуляция,Базовый,29,C
t07_b.md,t07,Координация и регуляция,Базовый,30,B
t07_b.md,t07,Координация и регуляция,Базовый,31,AC
t07_b.md,t07,Координация и регуляция,Базовый,32,BD
t07_b.md,t07,Координация и регуляция,Базовый,33,AC
t07_b.md,t07,Координация и регуляция,Базовый,34,AD
t07_b.md,t07,Координация и регуляция,Базовый,35,BD
t07_b.md,t07,Координация и регуляция,Базовый,36,1-D; 2-B; 3-C; 4-A
t07_b.md,t07,Координация и регуляция,Базовый,37,1-A; 2-D; 3-B; 4-C
t07_b.md,t07,Координация и регуляция,Базовый,38,1-A; 2-C; 3-D; 4-B
t07_b.md,t07,Координация и регуляция,Базовый,39,1-C; 2-D; 3-B; 4-A
t07_b.md,t07,Координация и регуляция,Базовый,40,1-D; 2-B; 3-A; 4-C
t07_m.md,t07,Координация и регуляция,Средний,1,D
t07_m.md,t07,Координация и регуляция,Средний,2,C
t07_m.md,t07,Координация и регуляция,Средний,3,B
t07_m.md,t07,Координация и регуляция,Средний,4,D
t07_m.md,t07,Координация и регуляция,Средний,5,B
t07_m.md,t07,Координация и регуляция,Средний,6,C
t07_m.md,t07,Координация и регуляция,Средний,7,D
t07_m.md,t07,Координация и регуляция,Средний,8,B
t07_m.md,t07,Координация и регуляция,Средний,9,C
t07_m.md,t07,Координация и регуляция,Средний,10,C
t07_m.md,t07,Координация и регуляция,Средний,11,D
t07_m.md,t07,Координация и регуляция,Средний,12,A
t07_m.md,t07,Координация и регуляция,Средний,13,A
t07_m.md,t07,Координация и регуляция,Средний,14,C
t07_m.md,t07,Координация и регуляция,Средний,15,C
t07_m.md,t07,Координация и регуляция,Средний,16,A
t07_m.md,t07,Координация и регуляция,Средний,17,C
t07_m.md,t07,Координация и регуляция,Средний,18,A
t07_m.md,t07,Координация и регуляция,Средний,19,A
t07_m.md,t07,Координация и регуляция,Средний,20,B
t07_m.md,t07,Координация и регуляция,Средний,21,B
t07_m.md,t07,Координация и регуляция,Средний,22,D
t07_m.md,t07,Координация и регуляция,Средний,23,A
t07_m.md,t07,Координация и регуляция,Средний,24,D
t07_m.md,t07,Координация и регуляция,Средний,25,B
t07_m.md,t07,Координация и регуляция,Средний,26,C
t07_m.md,t07,Координация и регуляция,Средний,27,C
t07_m.md,t07,Координация и регуляция,Средний,28,C
t07_m.md,t07,Координация и регуляция,Средний,29,C
t07_m.md,t07,Координация и регуляция,Средний,30,C
t07_m.md,t07,Координация и регуляция,Средний,31,AC
t07_m.md,t07,Координация и регуляция,Средний,32,AC
t07_m.md,t07,Координация и регуляция,Средний,33,AB
t07_m.md,t07,Координация и регуляция,Средний,34,CD
t07_m.md,t07,Координация и регуляция,Средний,35,CD
t07_m.md,t07,Координация и регуляция,Средний,36,1-D; 2-A; 3-C; 4-B
t07_m.md,t07,Координация и регуляция,Средний,37,1-B; 2-C; 3-D; 4-A
t07_m.md,t07,Координация и регуляция,Средний,38,1-D; 2-B; 3-A; 4-C
t07_m.md,t07,Координация и регуляция,Средний,39,1-A; 2-D; 3-C; 4-B
t07_m.md,t07,Координация и регуляция,Средний,40,1-D; 2-B; 3-C; 4-A
t07_h.md,t07,Координация и регуляция,Высокий,1,D
t07_h.md,t07,Координация и регуляция,Высокий,2,D
t07_h.md,t07,Координация и регуляция,Высокий,3,B
t07_h.md,t07,Координация и регуляция,Высокий,4,C
t07_h.md,t07,Координация и регуляция,Высокий,5,C
t07_h.md,t07,Координация и регуляция,Высокий,6,D
t07_h.md,t07,Координация и регуляция,Высокий,7,D
t07_h.md,t07,Координация и регуляция,Высокий,8,D
t07_h.md,t07,Координация и регуляция,Высокий,9,C
t07_h.md,t07,Координация и регуляция,Высокий,10,B
t07_h.md,t07,Координация и регуляция,Высокий,11,C
t07_h.md,t07,Координация и регуляция,Высокий,12,C
t07_h.md,t07,Координация и регуляция,Высокий,13,B
t07_h.md,t07,Координация и регуляция,Высокий,14,A
t07_h.md,t07,Координация и регуляция,Высокий,15,C
t07_h.md,t07,Координация и регуляция,Высокий,16,B
t07_h.md,t07,Координация и регуляция,Высокий,17,C
t07_h.md,t07,Координация и регуляция,Высокий,18,D
t07_h.md,t07,Координация и регуляция,Высокий,19,A
t07_h.md,t07,Координация и регуляция,Высокий,20,C
t07_h.md,t07,Координация и регуляция,Высокий,21,A
t07_h.md,t07,Координация и регуляция,Высокий,22,C
t07_h.md,t07,Координация и регуляция,Высокий,23,D
t07_h.md,t07,Координация и регуляция,Высокий,24,D
t07_h.md,t07,Координация и регуляция,Высокий,25,D
t07_h.md,t07,Координация и регуляция,Высокий,26,C
t07_h.md,t07,Координация и регуляция,Высокий,27,B
t07_h.md,t07,Координация и регуляция,Высокий,28,B
t07_h.md,t07,Координация и регуляция,Высокий,29,B
t07_h.md,t07,Координация и регуляция,Высокий,30,A
t07_h.md,t07,Координация и регуляция,Высокий,31,AD
t07_h.md,t07,Координация и регуляция,Высокий,32,AC
t07_h.md,t07,Координация и регуляция,Высокий,33,AD
t07_h.md,t07,Координация и регуляция,Высокий,34,BC
t07_h.md,t07,Координация и регуляция,Высокий,35,AC
t07_h.md,t07,Координация и регуляция,Высокий,36,1-D; 2-A; 3-B; 4-C
t07_h.md,t07,Координация и регуляция,Высокий,37,1-A; 2-B; 3-D; 4-C
t07_h.md,t07,Координация и регуляция,Высокий,38,1-C; 2-A; 3-D; 4-B
t07_h.md,t07,Координация и регуляция,Высокий,39,1-C; 2-D; 3-B; 4-A
t07_h.md,t07,Координация и регуляция,Высокий,40,1-A; 2-D; 3-C; 4-B
t08_b.md,t08,Размножение. Рост и развитие,Базовый,1,C
t08_b.md,t08,Размножение. Рост и развитие,Базовый,2,B
t08_b.md,t08,Размножение. Рост и развитие,Базовый,3,D
t08_b.md,t08,Размножение. Рост и развитие,Базовый,4,B
t08_b.md,t08,Размножение. Рост и развитие,Базовый,5,D
t08_b.md,t08,Размножение. Рост и развитие,Базовый,6,B
t08_b.md,t08,Размножение. Рост и развитие,Базовый,7,B
t08_b.md,t08,Размножение. Рост и развитие,Базовый,8,A
t08_b.md,t08,Размножение. Рост и развитие,Базовый,9,A
t08_b.md,t08,Размножение. Рост и развитие,Базовый,10,C
t08_b.md,t08,Размножение. Рост и развитие,Базовый,11,D
t08_b.md,t08,Размножение. Рост и развитие,Базовый,12,A
t08_b.md,t08,Размножение. Рост и развитие,Базовый,13,B
t08_b.md,t08,Размножение. Рост и развитие,Базовый,14,B
t08_b.md,t08,Размножение. Рост и развитие,Базовый,15,A
t08_b.md,t08,Размножение. Рост и развитие,Базовый,16,A
t08_b.md,t08,Размножение. Рост и развитие,Базовый,17,C
t08_b.md,t08,Размножение. Рост и развитие,Базовый,18,C
t08_b.md,t08,Размножение. Рост и развитие,Базовый,19,C
t08_b.md,t08,Размножение. Рост и развитие,Базовый,20,A
t08_b.md,t08,Размножение. Рост и развитие,Базовый,21,B
t08_b.md,t08,Размножение. Рост и развитие,Базовый,22,C
t08_b.md,t08,Размножение. Рост и развитие,Базовый,23,A
t08_b.md,t08,Размножение. Рост и развитие,Базовый,24,D
t08_b.md,t08,Размножение. Рост и развитие,Базовый,25,C
t08_b.md,t08,Размножение. Рост и развитие,Базовый,26,A
t08_b.md,t08,Размножение. Рост и развитие,Базовый,27,D
t08_b.md,t08,Размножение. Рост и развитие,Базовый,28,A
t08_b.md,t08,Размножение. Рост и развитие,Базовый,29,C
t08_b.md,t08,Размножение. Рост и развитие,Базовый,30,A
t08_b.md,t08,Размножение. Рост и развитие,Базовый,31,AC
t08_b.md,t08,Размножение. Рост и развитие,Базовый,32,BD
t08_b.md,t08,Размножение. Рост и развитие,Базовый,33,AB
t08_b.md,t08,Размножение. Рост и развитие,Базовый,34,BC
t08_b.md,t08,Размножение. Рост и развитие,Базовый,35,AD
t08_b.md,t08,Размножение. Рост и развитие,Базовый,36,1-A; 2-D; 3-C; 4-B
t08_b.md,t08,Размножение. Рост и развитие,Базовый,37,1-A; 2-B; 3-C; 4-D
t08_b.md,t08,Размножение. Рост и развитие,Базовый,38,1-D; 2-A; 3-C; 4-B
t08_b.md,t08,Размножение. Рост и развитие,Базовый,39,1-C; 2-A; 3-D; 4-B
t08_b.md,t08,Размножение. Рост и развитие,Базовый,40,1-B; 2-A; 3-D; 4-C
t08_m.md,t08,Размножение. Рост и развитие,Средний,1,C
t08_m.md,t08,Размножение. Рост и развитие,Средний,2,B
t08_m.md,t08,Размножение. Рост и развитие,Средний,3,B
t08_m.md,t08,Размножение. Рост и развитие,Средний,4,C
t08_m.md,t08,Размножение. Рост и развитие,Средний,5,C
t08_m.md,t08,Размножение. Рост и развитие,Средний,6,B
t08_m.md,t08,Размножение. Рост и развитие,Средний,7,C
t08_m.md,t08,Размножение. Рост и развитие,Средний,8,C
t08_m.md,t08,Размножение. Рост и развитие,Средний,9,B
t08_m.md,t08,Размножение. Рост и развитие,Средний,10,A
t08_m.md,t08,Размножение. Рост и развитие,Средний,11,C
t08_m.md,t08,Размножение. Рост и развитие,Средний,12,C
t08_m.md,t08,Размножение. Рост и развитие,Средний,13,C
t08_m.md,t08,Размножение. Рост и развитие,Средний,14,C
t08_m.md,t08,Размножение. Рост и развитие,Средний,15,B
t08_m.md,t08,Размножение. Рост и развитие,Средний,16,A
t08_m.md,t08,Размножение. Рост и развитие,Средний,17,D
t08_m.md,t08,Размножение. Рост и развитие,Средний,18,B
t08_m.md,t08,Размножение. Рост и развитие,Средний,19,C
t08_m.md,t08,Размножение. Рост и развитие,Средний,20,B
t08_m.md,t08,Размножение. Рост и развитие,Средний,21,B
t08_m.md,t08,Размножение. Рост и развитие,Средний,22,A
t08_m.md,t08,Размножение. Рост и развитие,Средний,23,B
t08_m.md,t08,Размножение. Рост и развитие,Средний,24,A
t08_m.md,t08,Размножение. Рост и развитие,Средний,25,B
t08_m.md,t08,Размножение. Рост и развитие,Средний,26,D
t08_m.md,t08,Размножение. Рост и развитие,Средний,27,D
t08_m.md,t08,Размножение. Рост и развитие,Средний,28,B
t08_m.md,t08,Размножение. Рост и развитие,Средний,29,C
t08_m.md,t08,Размножение. Рост и развитие,Средний,30,A
t08_m.md,t08,Размножение. Рост и развитие,Средний,31,BC
t08_m.md,t08,Размножение. Рост и развитие,Средний,32,AD
t08_m.md,t08,Размножение. Рост и развитие,Средний,33,CD
t08_m.md,t08,Размножение. Рост и развитие,Средний,34,BD
t08_m.md,t08,Размножение. Рост и развитие,Средний,35,BD
t08_m.md,t08,Размножение. Рост и развитие,Средний,36,1-C; 2-A; 3-D; 4-B
t08_m.md,t08,Размножение. Рост и развитие,Средний,37,1-A; 2-C; 3-D; 4-B
t08_m.md,t08,Размножение. Рост и развитие,Средний,38,1-C; 2-B; 3-D; 4-A
t08_m.md,t08,Размножение. Рост и развитие,Средний,39,1-B; 2-A; 3-D; 4-C
t08_m.md,t08,Размножение. Рост и развитие,Средний,40,1-D; 2-A; 3-B; 4-C
t08_h.md,t08,Размножение. Рост и развитие,Высокий,1,B
t08_h.md,t08,Размножение. Рост и развитие,Высокий,2,A
t08_h.md,t08,Размножение. Рост и развитие,Высокий,3,C
t08_h.md,t08,Размножение. Рост и развитие,Высокий,4,C
t08_h.md,t08,Размножение. Рост и развитие,Высокий,5,D
t08_h.md,t08,Размножение. Рост и развитие,Высокий,6,A
t08_h.md,t08,Размножение. Рост и развитие,Высокий,7,B
t08_h.md,t08,Размножение. Рост и развитие,Высокий,8,B
t08_h.md,t08,Размножение. Рост и развитие,Высокий,9,B
t08_h.md,t08,Размножение. Рост и развитие,Высокий,10,C
t08_h.md,t08,Размножение. Рост и развитие,Высокий,11,D
t08_h.md,t08,Размножение. Рост и развитие,Высокий,12,B
t08_h.md,t08,Размножение. Рост и развитие,Высокий,13,C
t08_h.md,t08,Размножение. Рост и развитие,Высокий,14,C
t08_h.md,t08,Размножение. Рост и развитие,Высокий,15,A
t08_h.md,t08,Размножение. Рост и развитие,Высокий,16,D
t08_h.md,t08,Размножение. Рост и развитие,Высокий,17,C
t08_h.md,t08,Размножение. Рост и развитие,Высокий,18,B
t08_h.md,t08,Размножение. Рост и развитие,Высокий,19,D
t08_h.md,t08,Размножение. Рост и развитие,Высокий,20,A
t08_h.md,t08,Размножение. Рост и развитие,Высокий,21,D
t08_h.md,t08,Размножение. Рост и развитие,Высокий,22,D
t08_h.md,t08,Размножение. Рост и развитие,Высокий,23,D
t08_h.md,t08,Размножение. Рост и развитие,Высокий,24,C
t08_h.md,t08,Размножение. Рост и развитие,Высокий,25,A
t08_h.md,t08,Размножение. Рост и развитие,Высокий,26,C
t08_h.md,t08,Размножение. Рост и развитие,Высокий,27,D
t08_h.md,t08,Размножение. Рост и развитие,Высокий,28,C
t08_h.md,t08,Размножение. Рост и развитие,Высокий,29,B
t08_h.md,t08,Размножение. Рост и развитие,Высокий,30,A
t08_h.md,t08,Размножение. Рост и развитие,Высокий,31,BC
t08_h.md,t08,Размножение. Рост и развитие,Высокий,32,AB
t08_h.md,t08,Размножение. Рост и развитие,Высокий,33,BD
t08_h.md,t08,Размножение. Рост и развитие,Высокий,34,CD
t08_h.md,t08,Размножение. Рост и развитие,Высокий,35,BD
t08_h.md,t08,Размножение. Рост и развитие,Высокий,36,1-B; 2-C; 3-A; 4-D
t08_h.md,t08,Размножение. Рост и развитие,Высокий,37,1-D; 2-C; 3-A; 4-B
t08_h.md,t08,Размножение. Рост и развитие,Высокий,38,1-A; 2-D; 3-C; 4-B
t08_h.md,t08,Размножение. Рост и развитие,Высокий,39,1-A; 2-C; 3-B; 4-D
t08_h.md,t08,Размножение. Рост и развитие,Высокий,40,1-A; 2-B; 3-D; 4-C
t09_b.md,t09,Клеточный цикл. Клеточная биология,Базовый,1,B
t09_b.md,t09,Клеточный цикл. Клеточная биология,Базовый,2,B
t09_b.md,t09,Клеточный цикл. Клеточная биология,Базовый,3,B
t09_b.md,t09,Клеточный цикл. Клеточная биология,Базовый,4,D
t09_b.md,t09,Клеточный цикл. Клеточная биология,Базовый,5,C
t09_b.md,t09,Клеточный цикл. Клеточная биология,Базовый,6,A
t09_b.md,t09,Клеточный цикл. Клеточная биология,Базовый,7,A
t09_b.md,t09,Клеточный цикл. Клеточная биология,Базовый,8,B
t09_b.md,t09,Клеточный цикл. Клеточная биология,Базовый,9,A
t09_b.md,t09,Клеточный цикл. Клеточная биология,Базовый,10,D
t09_b.md,t09,Клеточный цикл. Клеточная биология,Базовый,11,D
t09_b.md,t09,Клеточный цикл. Клеточная биология,Базовый,12,C
t09_b.md,t09,Клеточный цикл. Клеточная биология,Базовый,13,B
t09_b.md,t09,Клеточный цикл. Клеточная биология,Базовый,14,A
t09_b.md,t09,Клеточный цикл. Клеточная биология,Базовый,15,C
t09_b.md,t09,Клеточный цикл. Клеточная биология,Базовый,16,C
t09_b.md,t09,Клеточный цикл. Клеточная биология,Базовый,17,B
t09_b.md,t09,Клеточный цикл. Клеточная биология,Базовый,18,C
t09_b.md,t09,Клеточный цикл. Клеточная биология,Базовый,19,D
t09_b.md,t09,Клеточный цикл. Клеточная биология,Базовый,20,B
t09_b.md,t09,Клеточный цикл. Клеточная биология,Базовый,21,D
t09_b.md,t09,Клеточный цикл. Клеточная биология,Базовый,22,A
t09_b.md,t09,Клеточный цикл. Клеточная биология,Базовый,23,A
t09_b.md,t09,Клеточный цикл. Клеточная биология,Базовый,24,D
t09_b.md,t09,Клеточный цикл. Клеточная биология,Базовый,25,D
t09_b.md,t09,Клеточный цикл. Клеточная биология,Базовый,26,D
t09_b.md,t09,Клеточный цикл. Клеточная биология,Базовый,27,C
t09_b.md,t09,Клеточный цикл. Клеточная биология,Базовый,28,D
t09_b.md,t09,Клеточный цикл. Клеточная биология,Базовый,29,C
t09_b.md,t09,Клеточный цикл. Клеточная биология,Базовый,30,A
t09_b.md,t09,Клеточный цикл. Клеточная биология,Базовый,31,AC
t09_b.md,t09,Клеточный цикл. Клеточная биология,Базовый,32,CD
t09_b.md,t09,Клеточный цикл. Клеточная биология,Базовый,33,BC
t09_b.md,t09,Клеточный цикл. Клеточная биология,Базовый,34,AB
t09_b.md,t09,Клеточный цикл. Клеточная биология,Базовый,35,AD
t09_b.md,t09,Клеточный цикл. Клеточная биология,Базовый,36,1-D; 2-A; 3-B; 4-C
t09_b.md,t09,Клеточный цикл. Клеточная биология,Базовый,37,1-D; 2-C; 3-A; 4-B
t09_b.md,t09,Клеточный цикл. Клеточная биология,Базовый,38,1-D; 2-B; 3-C; 4-A
t09_b.md,t09,Клеточный цикл. Клеточная биология,Базовый,39,1-B; 2-C; 3-D; 4-A
t09_b.md,t09,Клеточный цикл. Клеточная биология,Базовый,40,1-C; 2-B; 3-D; 4-A
t09_m.md,t09,Клеточный цикл. Клеточная биология,Средний,1,B
t09_m.md,t09,Клеточный цикл. Клеточная биология,Средний,2,C
t09_m.md,t09,Клеточный цикл. Клеточная биология,Средний,3,A
t09_m.md,t09,Клеточный цикл. Клеточная биология,Средний,4,D
t09_m.md,t09,Клеточный цикл. Клеточная биология,Средний,5,C
t09_m.md,t09,Клеточный цикл. Клеточная биология,Средний,6,B
t09_m.md,t09,Клеточный цикл. Клеточная биология,Средний,7,C
t09_m.md,t09,Клеточный цикл. Клеточная биология,Средний,8,D
t09_m.md,t09,Клеточный цикл. Клеточная биология,Средний,9,C
t09_m.md,t09,Клеточный цикл. Клеточная биология,Средний,10,D
t09_m.md,t09,Клеточный цикл. Клеточная биология,Средний,11,C
t09_m.md,t09,Клеточный цикл. Клеточная биология,Средний,12,A
t09_m.md,t09,Клеточный цикл. Клеточная биология,Средний,13,D
t09_m.md,t09,Клеточный цикл. Клеточная биология,Средний,14,A
t09_m.md,t09,Клеточный цикл. Клеточная биология,Средний,15,A
t09_m.md,t09,Клеточный цикл. Клеточная биология,Средний,16,C
t09_m.md,t09,Клеточный цикл. Клеточная биология,Средний,17,A
t09_m.md,t09,Клеточный цикл. Клеточная биология,Средний,18,A
t09_m.md,t09,Клеточный цикл. Клеточная биология,Средний,19,B
t09_m.md,t09,Клеточный цикл. Клеточная биология,Средний,20,D
t09_m.md,t09,Клеточный цикл. Клеточная биология,Средний,21,C
t09_m.md,t09,Клеточный цикл. Клеточная биология,Средний,22,C
t09_m.md,t09,Клеточный цикл. Клеточная биология,Средний,23,A
t09_m.md,t09,Клеточный цикл. Клеточная биология,Средний,24,C
t09_m.md,t09,Клеточный цикл. Клеточная биология,Средний,25,A
t09_m.md,t09,Клеточный цикл. Клеточная биология,Средний,26,D
t09_m.md,t09,Клеточный цикл. Клеточная биология,Средний,27,C
t09_m.md,t09,Клеточный цикл. Клеточная биология,Средний,28,D
t09_m.md,t09,Клеточный цикл. Клеточная биология,Средний,29,D
t09_m.md,t09,Клеточный цикл. Клеточная биология,Средний,30,B
t09_m.md,t09,Клеточный цикл. Клеточная биология,Средний,31,BC
t09_m.md,t09,Клеточный цикл. Клеточная биология,Средний,32,AC
t09_m.md,t09,Клеточный цикл. Клеточная биология,Средний,33,AC
t09_m.md,t09,Клеточный цикл. Клеточная биология,Средний,34,BD
t09_m.md,t09,Клеточный цикл. Клеточная биология,Средний,35,BD
t09_m.md,t09,Клеточный цикл. Клеточная биология,Средний,36,1-B; 2-C; 3-A; 4-D
t09_m.md,t09,Клеточный цикл. Клеточная биология,Средний,37,1-B; 2-A; 3-C; 4-D
t09_m.md,t09,Клеточный цикл. Клеточная биология,Средний,38,1-A; 2-D; 3-C; 4-B
t09_m.md,t09,Клеточный цикл. Клеточная биология,Средний,39,1-D; 2-C; 3-A; 4-B
t09_m.md,t09,Клеточный цикл. Клеточная биология,Средний,40,1-B; 2-A; 3-D; 4-C
t09_h.md,t09,Клеточный цикл. Клеточная биология,Высокий,1,D
t09_h.md,t09,Клеточный цикл. Клеточная биология,Высокий,2,D
t09_h.md,t09,Клеточный цикл. Клеточная биология,Высокий,3,D
t09_h.md,t09,Клеточный цикл. Клеточная биология,Высокий,4,A
t09_h.md,t09,Клеточный цикл. Клеточная биология,Высокий,5,A
t09_h.md,t09,Клеточный цикл. Клеточная биология,Высокий,6,C
t09_h.md,t09,Клеточный цикл. Клеточная биология,Высокий,7,B
t09_h.md,t09,Клеточный цикл. Клеточная биология,Высокий,8,A
t09_h.md,t09,Клеточный цикл. Клеточная биология,Высокий,9,D
t09_h.md,t09,Клеточный цикл. Клеточная биология,Высокий,10,D
t09_h.md,t09,Клеточный цикл. Клеточная биология,Высокий,11,D
t09_h.md,t09,Клеточный цикл. Клеточная биология,Высокий,12,A
t09_h.md,t09,Клеточный цикл. Клеточная биология,Высокий,13,B
t09_h.md,t09,Клеточный цикл. Клеточная биология,Высокий,14,B
t09_h.md,t09,Клеточный цикл. Клеточная биология,Высокий,15,A
t09_h.md,t09,Клеточный цикл. Клеточная биология,Высокий,16,B
t09_h.md,t09,Клеточный цикл. Клеточная биология,Высокий,17,B
t09_h.md,t09,Клеточный цикл. Клеточная биология,Высокий,18,A
t09_h.md,t09,Клеточный цикл. Клеточная биология,Высокий,19,C
t09_h.md,t09,Клеточный цикл. Клеточная биология,Высокий,20,B
t09_h.md,t09,Клеточный цикл. Клеточная биология,Высокий,21,C
t09_h.md,t09,Клеточный цикл. Клеточная биология,Высокий,22,B
t09_h.md,t09,Клеточный цикл. Клеточная биология,Высокий,23,B
t09_h.md,t09,Клеточный цикл. Клеточная биология,Высокий,24,A
t09_h.md,t09,Клеточный цикл. Клеточная биология,Высокий,25,C
t09_h.md,t09,Клеточный цикл. Клеточная биология,Высокий,26,D
t09_h.md,t09,Клеточный цикл. Клеточная биология,Высокий,27,D
t09_h.md,t09,Клеточный цикл. Клеточная биология,Высокий,28,C
t09_h.md,t09,Клеточный цикл. Клеточная биология,Высокий,29,B
t09_h.md,t09,Клеточный цикл. Клеточная биология,Высокий,30,D
t09_h.md,t09,Клеточный цикл. Клеточная биология,Высокий,31,CD
t09_h.md,t09,Клеточный цикл. Клеточная биология,Высокий,32,CD
t09_h.md,t09,Клеточный цикл. Клеточная биология,Высокий,33,AC
t09_h.md,t09,Клеточный цикл. Клеточная биология,Высокий,34,AB
t09_h.md,t09,Клеточный цикл. Клеточная биология,Высокий,35,AD
t09_h.md,t09,Клеточный цикл. Клеточная биология,Высокий,36,1-D; 2-B; 3-A; 4-C
t09_h.md,t09,Клеточный цикл. Клеточная биология,Высокий,37,1-C; 2-A; 3-B; 4-D
t09_h.md,t09,Клеточный цикл. Клеточная биология,Высокий,38,1-D; 2-B; 3-C; 4-A
t09_h.md,t09,Клеточный цикл. Клеточная биология,Высокий,39,1-A; 2-C; 3-D; 4-B
t09_h.md,t09,Клеточный цикл. Клеточная биология,Высокий,40,1-C; 2-A; 3-D; 4-B
t10_b.md,t10,Закономерности наследственности и изменчивости. Основы селекции,Базовый,1,B
t10_b.md,t10,Закономерности наследственности и изменчивости. Основы селекции,Базовый,2,B
t10_b.md,t10,Закономерности наследственности и изменчивости. Основы селекции,Базовый,3,A
t10_b.md,t10,Закономерности наследственности и изменчивости. Основы селекции,Базовый,4,C
t10_b.md,t10,Закономерности наследственности и изменчивости. Основы селекции,Базовый,5,A
t10_b.md,t10,Закономерности наследственности и изменчивости. Основы селекции,Базовый,6,C
t10_b.md,t10,Закономерности наследственности и изменчивости. Основы селекции,Базовый,7,C
t10_b.md,t10,Закономерности наследственности и изменчивости. Основы селекции,Базовый,8,B
t10_b.md,t10,Закономерности наследственности и изменчивости. Основы селекции,Базовый,9,B
t10_b.md,t10,Закономерности наследственности и изменчивости. Основы селекции,Базовый,10,A
t10_b.md,t10,Закономерности наследственности и изменчивости. Основы селекции,Базовый,11,D
t10_b.md,t10,Закономерности наследственности и изменчивости. Основы селекции,Базовый,12,B
t10_b.md,t10,Закономерности наследственности и изменчивости. Основы селекции,Базовый,13,D
t10_b.md,t10,Закономерности наследственности и изменчивости. Основы селекции,Базовый,14,A
t10_b.md,t10,Закономерности наследственности и изменчивости. Основы селекции,Базовый,15,A
t10_b.md,t10,Закономерности наследственности и изменчивости. Основы селекции,Базовый,16,D
t10_b.md,t10,Закономерности наследственности и изменчивости. Основы селекции,Базовый,17,C
t10_b.md,t10,Закономерности наследственности и изменчивости. Основы селекции,Базовый,18,A
t10_b.md,t10,Закономерности наследственности и изменчивости. Основы селекции,Базовый,19,D
t10_b.md,t10,Закономерности наследственности и изменчивости. Основы селекции,Базовый,20,D
t10_b.md,t10,Закономерности наследственности и изменчивости. Основы селекции,Базовый,21,C
t10_b.md,t10,Закономерности наследственности и изменчивости. Основы селекции,Базовый,22,D
t10_b.md,t10,Закономерности наследственности и изменчивости. Основы селекции,Базовый,23,B
t10_b.md,t10,Закономерности наследственности и изменчивости. Основы селекции,Базовый,24,C
t10_b.md,t10,Закономерности наследственности и изменчивости. Основы селекции,Базовый,25,D
t10_b.md,t10,Закономерности наследственности и изменчивости. Основы селекции,Базовый,26,C
t10_b.md,t10,Закономерности наследственности и изменчивости. Основы селекции,Базовый,27,A
t10_b.md,t10,Закономерности наследственности и изменчивости. Основы селекции,Базовый,28,D
t10_b.md,t10,Закономерности наследственности и изменчивости. Основы селекции,Базовый,29,D
t10_b.md,t10,Закономерности наследственности и изменчивости. Основы селекции,Базовый,30,B
t10_b.md,t10,Закономерности наследственности и изменчивости. Основы селекции,Базовый,31,AD
t10_b.md,t10,Закономерности наследственности и изменчивости. Основы селекции,Базовый,32,AD
t10_b.md,t10,Закономерности наследственности и изменчивости. Основы селекции,Базовый,33,AB
t10_b.md,t10,Закономерности наследственности и изменчивости. Основы селекции,Базовый,34,AC
t10_b.md,t10,Закономерности наследственности и изменчивости. Основы селекции,Базовый,35,BD
t10_b.md,t10,Закономерности наследственности и изменчивости. Основы селекции,Базовый,36,1-C; 2-A; 3-D; 4-B
t10_b.md,t10,Закономерности наследственности и изменчивости. Основы селекции,Базовый,37,1-D; 2-B; 3-C; 4-A
t10_b.md,t10,Закономерности наследственности и изменчивости. Основы селекции,Базовый,38,1-D; 2-A; 3-B; 4-C
t10_b.md,t10,Закономерности наследственности и изменчивости. Основы селекции,Базовый,39,1-A; 2-D; 3-B; 4-C
t10_b.md,t10,Закономерности наследственности и изменчивости. Основы селекции,Базовый,40,1-B; 2-C; 3-D; 4-A
t10_m.md,t10,Закономерности наследственности и изменчивости. Основы селекции,Средний,1,B
t10_m.md,t10,Закономерности наследственности и изменчивости. Основы селекции,Средний,2,C
t10_m.md,t10,Закономерности наследственности и изменчивости. Основы селекции,Средний,3,B
t10_m.md,t10,Закономерности наследственности и изменчивости. Основы селекции,Средний,4,A
t10_m.md,t10,Закономерности наследственности и изменчивости. Основы селекции,Средний,5,A
t10_m.md,t10,Закономерности наследственности и изменчивости. Основы селекции,Средний,6,B
t10_m.md,t10,Закономерности наследственности и изменчивости. Основы селекции,Средний,7,C
t10_m.md,t10,Закономерности наследственности и изменчивости. Основы селекции,Средний,8,D
t10_m.md,t10,Закономерности наследственности и изменчивости. Основы селекции,Средний,9,B
t10_m.md,t10,Закономерности наследственности и изменчивости. Основы селекции,Средний,10,D
t10_m.md,t10,Закономерности наследственности и изменчивости. Основы селекции,Средний,11,D
t10_m.md,t10,Закономерности наследственности и изменчивости. Основы селекции,Средний,12,D
t10_m.md,t10,Закономерности наследственности и изменчивости. Основы селекции,Средний,13,C
t10_m.md,t10,Закономерности наследственности и изменчивости. Основы селекции,Средний,14,C
t10_m.md,t10,Закономерности наследственности и изменчивости. Основы селекции,Средний,15,A
t10_m.md,t10,Закономерности наследственности и изменчивости. Основы селекции,Средний,16,A
t10_m.md,t10,Закономерности наследственности и изменчивости. Основы селекции,Средний,17,A
t10_m.md,t10,Закономерности наследственности и изменчивости. Основы селекции,Средний,18,B
t10_m.md,t10,Закономерности наследственности и изменчивости. Основы селекции,Средний,19,C
t10_m.md,t10,Закономерности наследственности и изменчивости. Основы селекции,Средний,20,A
t10_m.md,t10,Закономерности наследственности и изменчивости. Основы селекции,Средний,21,C
t10_m.md,t10,Закономерности наследственности и изменчивости. Основы селекции,Средний,22,D
t10_m.md,t10,Закономерности наследственности и изменчивости. Основы селекции,Средний,23,B
t10_m.md,t10,Закономерности наследственности и изменчивости. Основы селекции,Средний,24,B
t10_m.md,t10,Закономерности наследственности и изменчивости. Основы селекции,Средний,25,D
t10_m.md,t10,Закономерности наследственности и изменчивости. Основы селекции,Средний,26,D
t10_m.md,t10,Закономерности наследственности и изменчивости. Основы селекции,Средний,27,D
t10_m.md,t10,Закономерности наследственности и изменчивости. Основы селекции,Средний,28,D
t10_m.md,t10,Закономерности наследственности и изменчивости. Основы селекции,Средний,29,B
t10_m.md,t10,Закономерности наследственности и изменчивости. Основы селекции,Средний,30,D
t10_m.md,t10,Закономерности наследственности и изменчивости. Основы селекции,Средний,31,AB
t10_m.md,t10,Закономерности наследственности и изменчивости. Основы селекции,Средний,32,AD
t10_m.md,t10,Закономерности наследственности и изменчивости. Основы селекции,Средний,33,AD
t10_m.md,t10,Закономерности наследственности и изменчивости. Основы селекции,Средний,34,CD
t10_m.md,t10,Закономерности наследственности и изменчивости. Основы селекции,Средний,35,BD
t10_m.md,t10,Закономерности наследственности и изменчивости. Основы селекции,Средний,36,1-D; 2-B; 3-A; 4-C
t10_m.md,t10,Закономерности наследственности и изменчивости. Основы селекции,Средний,37,1-A; 2-B; 3-D; 4-C
t10_m.md,t10,Закономерности наследственности и изменчивости. Основы селекции,Средний,38,1-A; 2-B; 3-C; 4-D
t10_m.md,t10,Закономерности наследственности и изменчивости. Основы селекции,Средний,39,1-A; 2-C; 3-D; 4-B
t10_m.md,t10,Закономерности наследственности и изменчивости. Основы селекции,Средний,40,1-D; 2-B; 3-C; 4-A
t10_h.md,t10,Закономерности наследственности и изменчивости. Основы селекции,Высокий,1,A
t10_h.md,t10,Закономерности наследственности и изменчивости. Основы селекции,Высокий,2,D
t10_h.md,t10,Закономерности наследственности и изменчивости. Основы селекции,Высокий,3,A
t10_h.md,t10,Закономерности наследственности и изменчивости. Основы селекции,Высокий,4,B
t10_h.md,t10,Закономерности наследственности и изменчивости. Основы селекции,Высокий,5,A
t10_h.md,t10,Закономерности наследственности и изменчивости. Основы селекции,Высокий,6,D
t10_h.md,t10,Закономерности наследственности и изменчивости. Основы селекции,Высокий,7,D
t10_h.md,t10,Закономерности наследственности и изменчивости. Основы селекции,Высокий,8,A
t10_h.md,t10,Закономерности наследственности и изменчивости. Основы селекции,Высокий,9,D
t10_h.md,t10,Закономерности наследственности и изменчивости. Основы селекции,Высокий,10,B
t10_h.md,t10,Закономерности наследственности и изменчивости. Основы селекции,Высокий,11,D
t10_h.md,t10,Закономерности наследственности и изменчивости. Основы селекции,Высокий,12,C
t10_h.md,t10,Закономерности наследственности и изменчивости. Основы селекции,Высокий,13,A
t10_h.md,t10,Закономерности наследственности и изменчивости. Основы селекции,Высокий,14,B
t10_h.md,t10,Закономерности наследственности и изменчивости. Основы селекции,Высокий,15,D
t10_h.md,t10,Закономерности наследственности и изменчивости. Основы селекции,Высокий,16,C
t10_h.md,t10,Закономерности наследственности и изменчивости. Основы селекции,Высокий,17,A
t10_h.md,t10,Закономерности наследственности и изменчивости. Основы селекции,Высокий,18,B
t10_h.md,t10,Закономерности наследственности и изменчивости. Основы селекции,Высокий,19,A
t10_h.md,t10,Закономерности наследственности и изменчивости. Основы селекции,Высокий,20,C
t10_h.md,t10,Закономерности наследственности и изменчивости. Основы селекции,Высокий,21,D
t10_h.md,t10,Закономерности наследственности и изменчивости. Основы селекции,Высокий,22,D
t10_h.md,t10,Закономерности наследственности и изменчивости. Основы селекции,Высокий,23,C
t10_h.md,t10,Закономерности наследственности и изменчивости. Основы селекции,Высокий,24,C
t10_h.md,t10,Закономерности наследственности и изменчивости. Основы селекции,Высокий,25,D
t10_h.md,t10,Закономерности наследственности и изменчивости. Основы селекции,Высокий,26,C
t10_h.md,t10,Закономерности наследственности и изменчивости. Основы селекции,Высокий,27,B
t10_h.md,t10,Закономерности наследственности и изменчивости. Основы селекции,Высокий,28,C
t10_h.md,t10,Закономерности наследственности и изменчивости. Основы селекции,Высокий,29,D
t10_h.md,t10,Закономерности наследственности и изменчивости. Основы селекции,Высокий,30,A
t10_h.md,t10,Закономерности наследственности и изменчивости. Основы селекции,Высокий,31,AC
t10_h.md,t10,Закономерности наследственности и изменчивости. Основы селекции,Высокий,32,BD
t10_h.md,t10,Закономерности наследственности и изменчивости. Основы селекции,Высокий,33,AB
t10_h.md,t10,Закономерности наследственности и изменчивости. Основы селекции,Высокий,34,AC
t10_h.md,t10,Закономерности наследственности и изменчивости. Основы селекции,Высокий,35,AC
t10_h.md,t10,Закономерности наследственности и изменчивости. Основы селекции,Высокий,36,1-D; 2-A; 3-C; 4-B
t10_h.md,t10,Закономерности наследственности и изменчивости. Основы селекции,Высокий,37,1-B; 2-A; 3-C; 4-D
t10_h.md,t10,Закономерности наследственности и изменчивости. Основы селекции,Высокий,38,1-D; 2-B; 3-C; 4-A
t10_h.md,t10,Закономерности наследственности и изменчивости. Основы селекции,Высокий,39,1-B; 2-D; 3-C; 4-A
t10_h.md,t10,Закономерности наследственности и изменчивости. Основы селекции,Высокий,40,1-A; 2-B; 3-D; 4-C
t11_b.md,t11,Молекулярная биология и биохимия,Базовый,1,A
t11_b.md,t11,Молекулярная биология и биохимия,Базовый,2,A
t11_b.md,t11,Молекулярная биология и биохимия,Базовый,3,B
t11_b.md,t11,Молекулярная биология и биохимия,Базовый,4,C
t11_b.md,t11,Молекулярная биология и биохимия,Базовый,5,B
t11_b.md,t11,Молекулярная биология и биохимия,Базовый,6,B
t11_b.md,t11,Молекулярная биология и биохимия,Базовый,7,D
t11_b.md,t11,Молекулярная биология и биохимия,Базовый,8,C
t11_b.md,t11,Молекулярная биология и биохимия,Базовый,9,C
t11_b.md,t11,Молекулярная биология и биохимия,Базовый,10,C
t11_b.md,t11,Молекулярная биология и биохимия,Базовый,11,D
t11_b.md,t11,Молекулярная биология и биохимия,Базовый,12,C
t11_b.md,t11,Молекулярная биология и биохимия,Базовый,13,A
t11_b.md,t11,Молекулярная биология и биохимия,Базовый,14,B
t11_b.md,t11,Молекулярная биология и биохимия,Базовый,15,A
t11_b.md,t11,Молекулярная биология и биохимия,Базовый,16,D
t11_b.md,t11,Молекулярная биология и биохимия,Базовый,17,C
t11_b.md,t11,Молекулярная биология и биохимия,Базовый,18,C
t11_b.md,t11,Молекулярная биология и биохимия,Базовый,19,C
t11_b.md,t11,Молекулярная биология и биохимия,Базовый,20,B
t11_b.md,t11,Молекулярная биология и биохимия,Базовый,21,C
t11_b.md,t11,Молекулярная биология и биохимия,Базовый,22,D
t11_b.md,t11,Молекулярная биология и биохимия,Базовый,23,B
t11_b.md,t11,Молекулярная биология и биохимия,Базовый,24,A
t11_b.md,t11,Молекулярная биология и биохимия,Базовый,25,B
t11_b.md,t11,Молекулярная биология и биохимия,Базовый,26,A
t11_b.md,t11,Молекулярная биология и биохимия,Базовый,27,B
t11_b.md,t11,Молекулярная биология и биохимия,Базовый,28,D
t11_b.md,t11,Молекулярная биология и биохимия,Базовый,29,B
t11_b.md,t11,Молекулярная биология и биохимия,Базовый,30,C
t11_b.md,t11,Молекулярная биология и биохимия,Базовый,31,AB
t11_b.md,t11,Молекулярная биология и биохимия,Базовый,32,AD
t11_b.md,t11,Молекулярная биология и биохимия,Базовый,33,AB
t11_b.md,t11,Молекулярная биология и биохимия,Базовый,34,BD
t11_b.md,t11,Молекулярная биология и биохимия,Базовый,35,AD
t11_b.md,t11,Молекулярная биология и биохимия,Базовый,36,1-C; 2-B; 3-D; 4-A
t11_b.md,t11,Молекулярная биология и биохимия,Базовый,37,1-B; 2-D; 3-C; 4-A
t11_b.md,t11,Молекулярная биология и биохимия,Базовый,38,1-A; 2-B; 3-D; 4-C
t11_b.md,t11,Молекулярная биология и биохимия,Базовый,39,1-D; 2-C; 3-A; 4-B
t11_b.md,t11,Молекулярная биология и биохимия,Базовый,40,1-B; 2-A; 3-D; 4-C
t11_m.md,t11,Молекулярная биология и биохимия,Средний,1,A
t11_m.md,t11,Молекулярная биология и биохимия,Средний,2,A
t11_m.md,t11,Молекулярная биология и биохимия,Средний,3,D
t11_m.md,t11,Молекулярная биология и биохимия,Средний,4,C
t11_m.md,t11,Молекулярная биология и биохимия,Средний,5,A
t11_m.md,t11,Молекулярная биология и биохимия,Средний,6,B
t11_m.md,t11,Молекулярная биология и биохимия,Средний,7,B
t11_m.md,t11,Молекулярная биология и биохимия,Средний,8,A
t11_m.md,t11,Молекулярная биология и биохимия,Средний,9,C
t11_m.md,t11,Молекулярная биология и биохимия,Средний,10,B
t11_m.md,t11,Молекулярная биология и биохимия,Средний,11,D
t11_m.md,t11,Молекулярная биология и биохимия,Средний,12,D
t11_m.md,t11,Молекулярная биология и биохимия,Средний,13,B
t11_m.md,t11,Молекулярная биология и биохимия,Средний,14,D
t11_m.md,t11,Молекулярная биология и биохимия,Средний,15,B
t11_m.md,t11,Молекулярная биология и биохимия,Средний,16,D
t11_m.md,t11,Молекулярная биология и биохимия,Средний,17,C
t11_m.md,t11,Молекулярная биология и биохимия,Средний,18,C
t11_m.md,t11,Молекулярная биология и биохимия,Средний,19,C
t11_m.md,t11,Молекулярная биология и биохимия,Средний,20,D
t11_m.md,t11,Молекулярная биология и биохимия,Средний,21,A
t11_m.md,t11,Молекулярная биология и биохимия,Средний,22,B
t11_m.md,t11,Молекулярная биология и биохимия,Средний,23,C
t11_m.md,t11,Молекулярная биология и биохимия,Средний,24,C
t11_m.md,t11,Молекулярная биология и биохимия,Средний,25,C
t11_m.md,t11,Молекулярная биология и биохимия,Средний,26,D
t11_m.md,t11,Молекулярная биология и биохимия,Средний,27,C
t11_m.md,t11,Молекулярная биология и биохимия,Средний,28,D
t11_m.md,t11,Молекулярная биология и биохимия,Средний,29,C
t11_m.md,t11,Молекулярная биология и биохимия,Средний,30,D
t11_m.md,t11,Молекулярная биология и биохимия,Средний,31,AD
t11_m.md,t11,Молекулярная биология и биохимия,Средний,32,CD
t11_m.md,t11,Молекулярная биология и биохимия,Средний,33,AC
t11_m.md,t11,Молекулярная биология и биохимия,Средний,34,AC
t11_m.md,t11,Молекулярная биология и биохимия,Средний,35,CD
t11_m.md,t11,Молекулярная биология и биохимия,Средний,36,1-C; 2-B; 3-A; 4-D
t11_m.md,t11,Молекулярная биология и биохимия,Средний,37,1-C; 2-A; 3-B; 4-D
t11_m.md,t11,Молекулярная биология и биохимия,Средний,38,1-D; 2-C; 3-A; 4-B
t11_m.md,t11,Молекулярная биология и биохимия,Средний,39,1-C; 2-D; 3-A; 4-B
t11_m.md,t11,Молекулярная биология и биохимия,Средний,40,1-D; 2-C; 3-A; 4-B
t11_h.md,t11,Молекулярная биология и биохимия,Высокий,1,A
t11_h.md,t11,Молекулярная биология и биохимия,Высокий,2,D
t11_h.md,t11,Молекулярная биология и биохимия,Высокий,3,D
t11_h.md,t11,Молекулярная биология и биохимия,Высокий,4,B
t11_h.md,t11,Молекулярная биология и биохимия,Высокий,5,D
t11_h.md,t11,Молекулярная биология и биохимия,Высокий,6,D
t11_h.md,t11,Молекулярная биология и биохимия,Высокий,7,A
t11_h.md,t11,Молекулярная биология и биохимия,Высокий,8,D
t11_h.md,t11,Молекулярная биология и биохимия,Высокий,9,C
t11_h.md,t11,Молекулярная биология и биохимия,Высокий,10,D
t11_h.md,t11,Молекулярная биология и биохимия,Высокий,11,B
t11_h.md,t11,Молекулярная биология и биохимия,Высокий,12,A
t11_h.md,t11,Молекулярная биология и биохимия,Высокий,13,C
t11_h.md,t11,Молекулярная биология и биохимия,Высокий,14,A
t11_h.md,t11,Молекулярная биология и биохимия,Высокий,15,B
t11_h.md,t11,Молекулярная биология и биохимия,Высокий,16,C
t11_h.md,t11,Молекулярная биология и биохимия,Высокий,17,A
t11_h.md,t11,Молекулярная биология и биохимия,Высокий,18,B
t11_h.md,t11,Молекулярная биология и биохимия,Высокий,19,D
t11_h.md,t11,Молекулярная биология и биохимия,Высокий,20,C
t11_h.md,t11,Молекулярная биология и биохимия,Высокий,21,A
t11_h.md,t11,Молекулярная биология и биохимия,Высокий,22,A
t11_h.md,t11,Молекулярная биология и биохимия,Высокий,23,B
t11_h.md,t11,Молекулярная биология и биохимия,Высокий,24,B
t11_h.md,t11,Молекулярная биология и биохимия,Высокий,25,D
t11_h.md,t11,Молекулярная биология и биохимия,Высокий,26,B
t11_h.md,t11,Молекулярная биология и биохимия,Высокий,27,C
t11_h.md,t11,Молекулярная биология и биохимия,Высокий,28,D
t11_h.md,t11,Молекулярная биология и биохимия,Высокий,29,C
t11_h.md,t11,Молекулярная биология и биохимия,Высокий,30,C
t11_h.md,t11,Молекулярная биология и биохимия,Высокий,31,AC
t11_h.md,t11,Молекулярная биология и биохимия,Высокий,32,AD
t11_h.md,t11,Молекулярная биология и биохимия,Высокий,33,AC
t11_h.md,t11,Молекулярная биология и биохимия,Высокий,34,BC
t11_h.md,t11,Молекулярная биология и биохимия,Высокий,35,CD
t11_h.md,t11,Молекулярная биология и биохимия,Высокий,36,1-D; 2-C; 3-A; 4-B
t11_h.md,t11,Молекулярная биология и биохимия,Высокий,37,1-B; 2-A; 3-C; 4-D
t11_h.md,t11,Молекулярная биология и биохимия,Высокий,38,1-B; 2-D; 3-C; 4-A
t11_h.md,t11,Молекулярная биология и биохимия,Высокий,39,1-B; 2-A; 3-D; 4-C
t11_h.md,t11,Молекулярная биология и биохимия,Высокий,40,1-C; 2-A; 3-B; 4-D
t12_b.md,t12,"Микробиология, биотехнология, биомедицина и биоинформатика",Базовый,1,B
t12_b.md,t12,"Микробиология, биотехнология, биомедицина и биоинформатика",Базовый,2,D
t12_b.md,t12,"Микробиология, биотехнология, биомедицина и биоинформатика",Базовый,3,A
t12_b.md,t12,"Микробиология, биотехнология, биомедицина и биоинформатика",Базовый,4,A
t12_b.md,t12,"Микробиология, биотехнология, биомедицина и биоинформатика",Базовый,5,B
t12_b.md,t12,"Микробиология, биотехнология, биомедицина и биоинформатика",Базовый,6,D
t12_b.md,t12,"Микробиология, биотехнология, биомедицина и биоинформатика",Базовый,7,B
t12_b.md,t12,"Микробиология, биотехнология, биомедицина и биоинформатика",Базовый,8,B
t12_b.md,t12,"Микробиология, биотехнология, биомедицина и биоинформатика",Базовый,9,C
t12_b.md,t12,"Микробиология, биотехнология, биомедицина и биоинформатика",Базовый,10,D
t12_b.md,t12,"Микробиология, биотехнология, биомедицина и биоинформатика",Базовый,11,A
t12_b.md,t12,"Микробиология, биотехнология, биомедицина и биоинформатика",Базовый,12,C
t12_b.md,t12,"Микробиология, биотехнология, биомедицина и биоинформатика",Базовый,13,C
t12_b.md,t12,"Микробиология, биотехнология, биомедицина и биоинформатика",Базовый,14,A
t12_b.md,t12,"Микробиология, биотехнология, биомедицина и биоинформатика",Базовый,15,C
t12_b.md,t12,"Микробиология, биотехнология, биомедицина и биоинформатика",Базовый,16,C
t12_b.md,t12,"Микробиология, биотехнология, биомедицина и биоинформатика",Базовый,17,D
t12_b.md,t12,"Микробиология, биотехнология, биомедицина и биоинформатика",Базовый,18,A
t12_b.md,t12,"Микробиология, биотехнология, биомедицина и биоинформатика",Базовый,19,D
t12_b.md,t12,"Микробиология, биотехнология, биомедицина и биоинформатика",Базовый,20,B
t12_b.md,t12,"Микробиология, биотехнология, биомедицина и биоинформатика",Базовый,21,C
t12_b.md,t12,"Микробиология, биотехнология, биомедицина и биоинформатика",Базовый,22,D
t12_b.md,t12,"Микробиология, биотехнология, биомедицина и биоинформатика",Базовый,23,B
t12_b.md,t12,"Микробиология, биотехнология, биомедицина и биоинформатика",Базовый,24,B
t12_b.md,t12,"Микробиология, биотехнология, биомедицина и биоинформатика",Базовый,25,D
t12_b.md,t12,"Микробиология, биотехнология, биомедицина и биоинформатика",Базовый,26,C
t12_b.md,t12,"Микробиология, биотехнология, биомедицина и биоинформатика",Базовый,27,A
t12_b.md,t12,"Микробиология, биотехнология, биомедицина и биоинформатика",Базовый,28,A
t12_b.md,t12,"Микробиология, биотехнология, биомедицина и биоинформатика",Базовый,29,B
t12_b.md,t12,"Микробиология, биотехнология, биомедицина и биоинформатика",Базовый,30,A
t12_b.md,t12,"Микробиология, биотехнология, биомедицина и биоинформатика",Базовый,31,AC
t12_b.md,t12,"Микробиология, биотехнология, биомедицина и биоинформатика",Базовый,32,BD
t12_b.md,t12,"Микробиология, биотехнология, биомедицина и биоинформатика",Базовый,33,AD
t12_b.md,t12,"Микробиология, биотехнология, биомедицина и биоинформатика",Базовый,34,CD
t12_b.md,t12,"Микробиология, биотехнология, биомедицина и биоинформатика",Базовый,35,AC
t12_b.md,t12,"Микробиология, биотехнология, биомедицина и биоинформатика",Базовый,36,1-B; 2-C; 3-A; 4-D
t12_b.md,t12,"Микробиология, биотехнология, биомедицина и биоинформатика",Базовый,37,1-B; 2-A; 3-D; 4-C
t12_b.md,t12,"Микробиология, биотехнология, биомедицина и биоинформатика",Базовый,38,1-A; 2-B; 3-C; 4-D
t12_b.md,t12,"Микробиология, биотехнология, биомедицина и биоинформатика",Базовый,39,1-D; 2-C; 3-A; 4-B
t12_b.md,t12,"Микробиология, биотехнология, биомедицина и биоинформатика",Базовый,40,1-A; 2-B; 3-C; 4-D
t12_m.md,t12,"Микробиология, биотехнология, биомедицина и биоинформатика",Средний,1,C
t12_m.md,t12,"Микробиология, биотехнология, биомедицина и биоинформатика",Средний,2,B
t12_m.md,t12,"Микробиология, биотехнология, биомедицина и биоинформатика",Средний,3,A
t12_m.md,t12,"Микробиология, биотехнология, биомедицина и биоинформатика",Средний,4,A
t12_m.md,t12,"Микробиология, биотехнология, биомедицина и биоинформатика",Средний,5,C
t12_m.md,t12,"Микробиология, биотехнология, биомедицина и биоинформатика",Средний,6,C
t12_m.md,t12,"Микробиология, биотехнология, биомедицина и биоинформатика",Средний,7,B
t12_m.md,t12,"Микробиология, биотехнология, биомедицина и биоинформатика",Средний,8,C
t12_m.md,t12,"Микробиология, биотехнология, биомедицина и биоинформатика",Средний,9,D
t12_m.md,t12,"Микробиология, биотехнология, биомедицина и биоинформатика",Средний,10,C
t12_m.md,t12,"Микробиология, биотехнология, биомедицина и биоинформатика",Средний,11,C
t12_m.md,t12,"Микробиология, биотехнология, биомедицина и биоинформатика",Средний,12,A
t12_m.md,t12,"Микробиология, биотехнология, биомедицина и биоинформатика",Средний,13,C
t12_m.md,t12,"Микробиология, биотехнология, биомедицина и биоинформатика",Средний,14,B
t12_m.md,t12,"Микробиология, биотехнология, биомедицина и биоинформатика",Средний,15,A
t12_m.md,t12,"Микробиология, биотехнология, биомедицина и биоинформатика",Средний,16,C
t12_m.md,t12,"Микробиология, биотехнология, биомедицина и биоинформатика",Средний,17,A
t12_m.md,t12,"Микробиология, биотехнология, биомедицина и биоинформатика",Средний,18,A
t12_m.md,t12,"Микробиология, биотехнология, биомедицина и биоинформатика",Средний,19,B
t12_m.md,t12,"Микробиология, биотехнология, биомедицина и биоинформатика",Средний,20,C
t12_m.md,t12,"Микробиология, биотехнология, биомедицина и биоинформатика",Средний,21,D
t12_m.md,t12,"Микробиология, биотехнология, биомедицина и биоинформатика",Средний,22,D
t12_m.md,t12,"Микробиология, биотехнология, биомедицина и биоинформатика",Средний,23,B
t12_m.md,t12,"Микробиология, биотехнология, биомедицина и биоинформатика",Средний,24,B
t12_m.md,t12,"Микробиология, биотехнология, биомедицина и биоинформатика",Средний,25,A
t12_m.md,t12,"Микробиология, биотехнология, биомедицина и биоинформатика",Средний,26,B
t12_m.md,t12,"Микробиология, биотехнология, биомедицина и биоинформатика",Средний,27,D
t12_m.md,t12,"Микробиология, биотехнология, биомедицина и биоинформатика",Средний,28,A
t12_m.md,t12,"Микробиология, биотехнология, биомедицина и биоинформатика",Средний,29,D
t12_m.md,t12,"Микробиология, биотехнология, биомедицина и биоинформатика",Средний,30,B
t12_m.md,t12,"Микробиология, биотехнология, биомедицина и биоинформатика",Средний,31,AC
t12_m.md,t12,"Микробиология, биотехнология, биомедицина и биоинформатика",Средний,32,BC
t12_m.md,t12,"Микробиология, биотехнология, биомедицина и биоинформатика",Средний,33,AC
t12_m.md,t12,"Микробиология, биотехнология, биомедицина и биоинформатика",Средний,34,AD
t12_m.md,t12,"Микробиология, биотехнология, биомедицина и биоинформатика",Средний,35,AD
t12_m.md,t12,"Микробиология, биотехнология, биомедицина и биоинформатика",Средний,36,1-A; 2-B; 3-D; 4-C
t12_m.md,t12,"Микробиология, биотехнология, биомедицина и биоинформатика",Средний,37,1-B; 2-C; 3-A; 4-D
t12_m.md,t12,"Микробиология, биотехнология, биомедицина и биоинформатика",Средний,38,1-A; 2-D; 3-B; 4-C
t12_m.md,t12,"Микробиология, биотехнология, биомедицина и биоинформатика",Средний,39,1-B; 2-C; 3-D; 4-A
t12_m.md,t12,"Микробиология, биотехнология, биомедицина и биоинформатика",Средний,40,1-B; 2-A; 3-C; 4-D
t12_h.md,t12,"Микробиология, биотехнология, биомедицина и биоинформатика",Высокий,1,A
t12_h.md,t12,"Микробиология, биотехнология, биомедицина и биоинформатика",Высокий,2,B
t12_h.md,t12,"Микробиология, биотехнология, биомедицина и биоинформатика",Высокий,3,A
t12_h.md,t12,"Микробиология, биотехнология, биомедицина и биоинформатика",Высокий,4,D
t12_h.md,t12,"Микробиология, биотехнология, биомедицина и биоинформатика",Высокий,5,D
t12_h.md,t12,"Микробиология, биотехнология, биомедицина и биоинформатика",Высокий,6,B
t12_h.md,t12,"Микробиология, биотехнология, биомедицина и биоинформатика",Высокий,7,B
t12_h.md,t12,"Микробиология, биотехнология, биомедицина и биоинформатика",Высокий,8,D
t12_h.md,t12,"Микробиология, биотехнология, биомедицина и биоинформатика",Высокий,9,D
t12_h.md,t12,"Микробиология, биотехнология, биомедицина и биоинформатика",Высокий,10,C
t12_h.md,t12,"Микробиология, биотехнология, биомедицина и биоинформатика",Высокий,11,A
t12_h.md,t12,"Микробиология, биотехнология, биомедицина и биоинформатика",Высокий,12,A
t12_h.md,t12,"Микробиология, биотехнология, биомедицина и биоинформатика",Высокий,13,A
t12_h.md,t12,"Микробиология, биотехнология, биомедицина и биоинформатика",Высокий,14,B
t12_h.md,t12,"Микробиология, биотехнология, биомедицина и биоинформатика",Высокий,15,B
t12_h.md,t12,"Микробиология, биотехнология, биомедицина и биоинформатика",Высокий,16,D
t12_h.md,t12,"Микробиология, биотехнология, биомедицина и биоинформатика",Высокий,17,A
t12_h.md,t12,"Микробиология, биотехнология, биомедицина и биоинформатика",Высокий,18,C
t12_h.md,t12,"Микробиология, биотехнология, биомедицина и биоинформатика",Высокий,19,C
t12_h.md,t12,"Микробиология, биотехнология, биомедицина и биоинформатика",Высокий,20,D
t12_h.md,t12,"Микробиология, биотехнология, биомедицина и биоинформатика",Высокий,21,A
t12_h.md,t12,"Микробиология, биотехнология, биомедицина и биоинформатика",Высокий,22,D
t12_h.md,t12,"Микробиология, биотехнология, биомедицина и биоинформатика",Высокий,23,D
t12_h.md,t12,"Микробиология, биотехнология, биомедицина и биоинформатика",Высокий,24,D
t12_h.md,t12,"Микробиология, биотехнология, биомедицина и биоинформатика",Высокий,25,A
t12_h.md,t12,"Микробиология, биотехнология, биомедицина и биоинформатика",Высокий,26,D
t12_h.md,t12,"Микробиология, биотехнология, биомедицина и биоинформатика",Высокий,27,C
t12_h.md,t12,"Микробиология, биотехнология, биомедицина и биоинформатика",Высокий,28,B
t12_h.md,t12,"Микробиология, биотехнология, биомедицина и биоинформатика",Высокий,29,D
t12_h.md,t12,"Микробиология, биотехнология, биомедицина и биоинформатика",Высокий,30,B
t12_h.md,t12,"Микробиология, биотехнология, биомедицина и биоинформатика",Высокий,31,AB
t12_h.md,t12,"Микробиология, биотехнология, биомедицина и биоинформатика",Высокий,32,BC
t12_h.md,t12,"Микробиология, биотехнология, биомедицина и биоинформатика",Высокий,33,AD
t12_h.md,t12,"Микробиология, биотехнология, биомедицина и биоинформатика",Высокий,34,BC
t12_h.md,t12,"Микробиология, биотехнология, биомедицина и биоинформатика",Высокий,35,AD
t12_h.md,t12,"Микробиология, биотехнология, биомедицина и биоинформатика",Высокий,36,1-C; 2-D; 3-B; 4-A
t12_h.md,t12,"Микробиология, биотехнология, биомедицина и биоинформатика",Высокий,37,1-D; 2-B; 3-C; 4-A
t12_h.md,t12,"Микробиология, биотехнология, биомедицина и биоинформатика",Высокий,38,1-D; 2-C; 3-A; 4-B
t12_h.md,t12,"Микробиология, биотехнология, биомедицина и биоинформатика",Высокий,39,1-A; 2-D; 3-B; 4-C
t12_h.md,t12,"Микробиология, биотехнология, биомедицина и биоинформатика",Высокий,40,1-C; 2-A; 3-B; 4-D
