topic_code,level_code,question,answer
t01,b,1,A
t01,b,2,A
t01,b,3,A
t01,b,4,A
t01,b,5,A
t01,b,6,A
t01,b,7,A
t01,b,8,A
t01,b,9,A
t01,b,10,A
t01,b,11,A
t01,b,12,A
t01,b,13,A
t01,b,14,A
t01,b,15,A
t01,b,16,A
t01,b,17,A
t01,b,18,A
t01,b,19,A
t01,b,20,A
t01,m,1,A
t01,m,2,A
t01,m,3,A
t01,m,4,A
t01,m,5,A
t01,m,6,A
t01,m,7,A
t01,m,8,A
t01,m,9,A
t01,m,10,A
t01,m,11,A
t01,m,12,A
t01,m,13,A
t01,m,14,A
t01,m,15,A
t01,m,16,A
t01,m,17,A
t01,m,18,A
t01,m,19,A
t01,m,20,A
t01,h,1,A
t01,h,2,A
t01,h,3,A
t01,h,4,A
t01,h,5,A
t01,h,6,A
t01,h,7,A
t01,h,8,A
t01,h,9,A
t01,h,10,A
t01,h,11,A
t01,h,12,A
t01,h,13,A
t01,h,14,A
t01,h,15,A
t01,h,16,A
t01,h,17,A
t01,h,18,A
t01,h,19,A
t01,h,20,A
t02,b,1,A
t02,b,2,A
t02,b,3,A
t02,b,4,A
t02,b,5,A
t02,b,6,A
t02,b,7,A
t02,b,8,A
t02,b,9,A
t02,b,10,A
t02,b,11,A
t02,b,12,A
t02,b,13,A
t02,b,14,A
t02,b,15,A
t02,b,16,A
t02,b,17,A
t02,b,18,A
t02,b,19,A
t02,b,20,A
t02,m,1,A
t02,m,2,A
t02,m,3,A
t02,m,4,A
t02,m,5,A
t02,m,6,A
t02,m,7,A
t02,m,8,A
t02,m,9,A
t02,m,10,A
t02,m,11,A
t02,m,12,A
t02,m,13,A
t02,m,14,A
t02,m,15,A
t02,m,16,A
t02,m,17,A
t02,m,18,A
t02,m,19,A
t02,m,20,A
t02,h,1,A
t02,h,2,A
t02,h,3,A
t02,h,4,A
t02,h,5,A
t02,h,6,A
t02,h,7,A
t02,h,8,A
t02,h,9,A
t02,h,10,A
t02,h,11,A
t02,h,12,A
t02,h,13,A
t02,h,14,A
t02,h,15,A
t02,h,16,A
t02,h,17,A
t02,h,18,A
t02,h,19,A
t02,h,20,A
t03,b,1,A
t03,b,2,A
t03,b,3,A
t03,b,4,A
t03,b,5,A
t03,b,6,A
t03,b,7,A
t03,b,8,A
t03,b,9,A
t03,b,10,A
t03,b,11,A
t03,b,12,A
t03,b,13,A
t03,b,14,A
t03,b,15,A
t03,b,16,A
t03,b,17,A
t03,b,18,A
t03,b,19,A
t03,b,20,A
t03,m,1,A
t03,m,2,A
t03,m,3,A
t03,m,4,A
t03,m,5,A
t03,m,6,A
t03,m,7,A
t03,m,8,A
t03,m,9,A
t03,m,10,A
t03,m,11,A
t03,m,12,A
t03,m,13,A
t03,m,14,A
t03,m,15,A
t03,m,16,A
t03,m,17,A
t03,m,18,A
t03,m,19,A
t03,m,20,A
t03,h,1,A
t03,h,2,A
t03,h,3,A
t03,h,4,A
t03,h,5,A
t03,h,6,A
t03,h,7,A
t03,h,8,A
t03,h,9,A
t03,h,10,A
t03,h,11,A
t03,h,12,A
t03,h,13,A
t03,h,14,A
t03,h,15,A
t03,h,16,A
t03,h,17,A
t03,h,18,A
t03,h,19,A
t03,h,20,A
t04,b,1,A
t04,b,2,A
t04,b,3,A
t04,b,4,A
t04,b,5,A
t04,b,6,A
t04,b,7,A
t04,b,8,A
t04,b,9,A
t04,b,10,A
t04,b,11,A
t04,b,12,A
t04,b,13,A
t04,b,14,A
t04,b,15,A
t04,b,16,A
t04,b,17,A
t04,b,18,A
t04,b,19,A
t04,b,20,A
t04,m,1,A
t04,m,2,A
t04,m,3,A
t04,m,4,A
t04,m,5,A
t04,m,6,A
t04,m,7,A
t04,m,8,A
t04,m,9,A
t04,m,10,A
t04,m,11,A
t04,m,12,A
t04,m,13,A
t04,m,14,A
t04,m,15,A
t04,m,16,A
t04,m,17,A
t04,m,18,A
t04,m,19,A
t04,m,20,A
t04,h,1,A
t04,h,2,A
t04,h,3,A
t04,h,4,A
t04,h,5,A
t04,h,6,A
t04,h,7,A
t04,h,8,A
t04,h,9,A
t04,h,10,A
t04,h,11,A
t04,h,12,A
t04,h,13,A
t04,h,14,A
t04,h,15,A
t04,h,16,A
t04,h,17,A
t04,h,18,A
t04,h,19,A
t04,h,20,A
t05,b,1,A
t05,b,2,A
t05,b,3,A
t05,b,4,A
t05,b,5,A
t05,b,6,A
t05,b,7,A
t05,b,8,A
t05,b,9,A
t05,b,10,A
t05,b,11,A
t05,b,12,A
t05,b,13,A
t05,b,14,A
t05,b,15,A
t05,b,16,A
t05,b,17,A
t05,b,18,A
t05,b,19,A
t05,b,20,A
t05,m,1,A
t05,m,2,A
t05,m,3,A
t05,m,4,A
t05,m,5,A
t05,m,6,A
t05,m,7,A
t05,m,8,A
t05,m,9,A
t05,m,10,A
t05,m,11,A
t05,m,12,A
t05,m,13,A
t05,m,14,A
t05,m,15,A
t05,m,16,A
t05,m,17,A
t05,m,18,A
t05,m,19,A
t05,m,20,A
t05,h,1,A
t05,h,2,A
t05,h,3,A
t05,h,4,A
t05,h,5,A
t05,h,6,A
t05,h,7,A
t05,h,8,A
t05,h,9,A
t05,h,10,A
t05,h,11,A
t05,h,12,A
t05,h,13,A
t05,h,14,A
t05,h,15,A
t05,h,16,A
t05,h,17,A
t05,h,18,A
t05,h,19,A
t05,h,20,A
t06,b,1,A
t06,b,2,A
t06,b,3,A
t06,b,4,A
t06,b,5,A
t06,b,6,A
t06,b,7,A
t06,b,8,A
t06,b,9,A
t06,b,10,A
t06,b,11,A
t06,b,12,A
t06,b,13,A
t06,b,14,A
t06,b,15,A
t06,b,16,A
t06,b,17,A
t06,b,18,A
t06,b,19,A
t06,b,20,A
t06,m,1,A
t06,m,2,A
t06,m,3,A
t06,m,4,A
t06,m,5,A
t06,m,6,A
t06,m,7,A
t06,m,8,A
t06,m,9,A
t06,m,10,A
t06,m,11,A
t06,m,12,A
t06,m,13,A
t06,m,14,A
t06,m,15,A
t06,m,16,A
t06,m,17,A
t06,m,18,A
t06,m,19,A
t06,m,20,A
t06,h,1,A
t06,h,2,A
t06,h,3,A
t06,h,4,A
t06,h,5,A
t06,h,6,A
t06,h,7,A
t06,h,8,A
t06,h,9,A
t06,h,10,A
t06,h,11,A
t06,h,12,A
t06,h,13,A
t06,h,14,A
t06,h,15,A
t06,h,16,A
t06,h,17,A
t06,h,18,A
t06,h,19,A
t06,h,20,A
t07,b,1,A
t07,b,2,A
t07,b,3,A
t07,b,4,A
t07,b,5,A
t07,b,6,A
t07,b,7,A
t07,b,8,A
t07,b,9,A
t07,b,10,A
t07,b,11,A
t07,b,12,A
t07,b,13,A
t07,b,14,A
t07,b,15,A
t07,b,16,A
t07,b,17,A
t07,b,18,A
t07,b,19,A
t07,b,20,A
t07,m,1,A
t07,m,2,A
t07,m,3,A
t07,m,4,A
t07,m,5,A
t07,m,6,A
t07,m,7,A
t07,m,8,A
t07,m,9,A
t07,m,10,A
t07,m,11,A
t07,m,12,A
t07,m,13,A
t07,m,14,A
t07,m,15,A
t07,m,16,A
t07,m,17,A
t07,m,18,A
t07,m,19,A
t07,m,20,A
t07,h,1,A
t07,h,2,A
t07,h,3,A
t07,h,4,A
t07,h,5,A
t07,h,6,A
t07,h,7,A
t07,h,8,A
t07,h,9,A
t07,h,10,A
t07,h,11,A
t07,h,12,A
t07,h,13,A
t07,h,14,A
t07,h,15,A
t07,h,16,A
t07,h,17,A
t07,h,18,A
t07,h,19,A
t07,h,20,A
t08,b,1,A
t08,b,2,A
t08,b,3,A
t08,b,4,A
t08,b,5,A
t08,b,6,A
t08,b,7,A
t08,b,8,A
t08,b,9,A
t08,b,10,A
t08,b,11,A
t08,b,12,A
t08,b,13,A
t08,b,14,A
t08,b,15,A
t08,b,16,A
t08,b,17,A
t08,b,18,A
t08,b,19,A
t08,b,20,A
t08,m,1,A
t08,m,2,A
t08,m,3,A
t08,m,4,A
t08,m,5,A
t08,m,6,A
t08,m,7,A
t08,m,8,A
t08,m,9,A
t08,m,10,A
t08,m,11,A
t08,m,12,A
t08,m,13,A
t08,m,14,A
t08,m,15,A
t08,m,16,A
t08,m,17,A
t08,m,18,A
t08,m,19,A
t08,m,20,A
t08,h,1,A
t08,h,2,A
t08,h,3,A
t08,h,4,A
t08,h,5,A
t08,h,6,A
t08,h,7,A
t08,h,8,A
t08,h,9,A
t08,h,10,A
t08,h,11,A
t08,h,12,A
t08,h,13,A
t08,h,14,A
t08,h,15,A
t08,h,16,A
t08,h,17,A
t08,h,18,A
t08,h,19,A
t08,h,20,A
t09,b,1,A
t09,b,2,A
t09,b,3,A
t09,b,4,A
t09,b,5,A
t09,b,6,A
t09,b,7,A
t09,b,8,A
t09,b,9,A
t09,b,10,A
t09,b,11,A
t09,b,12,A
t09,b,13,A
t09,b,14,A
t09,b,15,A
t09,b,16,A
t09,b,17,A
t09,b,18,A
t09,b,19,A
t09,b,20,A
t09,m,1,A
t09,m,2,A
t09,m,3,A
t09,m,4,A
t09,m,5,A
t09,m,6,A
t09,m,7,A
t09,m,8,A
t09,m,9,A
t09,m,10,A
t09,m,11,A
t09,m,12,A
t09,m,13,A
t09,m,14,A
t09,m,15,A
t09,m,16,A
t09,m,17,A
t09,m,18,A
t09,m,19,A
t09,m,20,A
t09,h,1,A
t09,h,2,A
t09,h,3,A
t09,h,4,A
t09,h,5,A
t09,h,6,A
t09,h,7,A
t09,h,8,A
t09,h,9,A
t09,h,10,A
t09,h,11,A
t09,h,12,A
t09,h,13,A
t09,h,14,A
t09,h,15,A
t09,h,16,A
t09,h,17,A
t09,h,18,A
t09,h,19,A
t09,h,20,A
t10,b,1,A
t10,b,2,A
t10,b,3,A
t10,b,4,A
t10,b,5,A
t10,b,6,A
t10,b,7,A
t10,b,8,A
t10,b,9,A
t10,b,10,A
t10,b,11,A
t10,b,12,A
t10,b,13,A
t10,b,14,A
t10,b,15,A
t10,b,16,A
t10,b,17,A
t10,b,18,A
t10,b,19,A
t10,b,20,A
t10,m,1,A
t10,m,2,A
t10,m,3,A
t10,m,4,A
t10,m,5,A
t10,m,6,A
t10,m,7,A
t10,m,8,A
t10,m,9,A
t10,m,10,A
t10,m,11,A
t10,m,12,A
t10,m,13,A
t10,m,14,A
t10,m,15,A
t10,m,16,A
t10,m,17,A
t10,m,18,A
t10,m,19,A
t10,m,20,A
t10,h,1,A
t10,h,2,A
t10,h,3,A
t10,h,4,A
t10,h,5,A
t10,h,6,A
t10,h,7,A
t10,h,8,A
t10,h,9,A
t10,h,10,A
t10,h,11,A
t10,h,12,A
t10,h,13,A
t10,h,14,A
t10,h,15,A
t10,h,16,A
t10,h,17,A
t10,h,18,A
t10,h,19,A
t10,h,20,A
t11,b,1,A
t11,b,2,A
t11,b,3,A
t11,b,4,A
t11,b,5,A
t11,b,6,A
t11,b,7,A
t11,b,8,A
t11,b,9,A
t11,b,10,A
t11,b,11,A
t11,b,12,A
t11,b,13,A
t11,b,14,A
t11,b,15,A
t11,b,16,A
t11,b,17,A
t11,b,18,A
t11,b,19,A
t11,b,20,A
t11,m,1,A
t11,m,2,A
t11,m,3,A
t11,m,4,A
t11,m,5,A
t11,m,6,A
t11,m,7,A
t11,m,8,A
t11,m,9,A
t11,m,10,A
t11,m,11,A
t11,m,12,A
t11,m,13,A
t11,m,14,A
t11,m,15,A
t11,m,16,A
t11,m,17,A
t11,m,18,A
t11,m,19,A
t11,m,20,A
t11,h,1,A
t11,h,2,A
t11,h,3,A
t11,h,4,A
t11,h,5,A
t11,h,6,A
t11,h,7,A
t11,h,8,A
t11,h,9,A
t11,h,10,A
t11,h,11,A
t11,h,12,A
t11,h,13,A
t11,h,14,A
t11,h,15,A
t11,h,16,A
t11,h,17,A
t11,h,18,A
t11,h,19,A
t11,h,20,A
t12,b,1,A
t12,b,2,A
t12,b,3,A
t12,b,4,A
t12,b,5,A
t12,b,6,A
t12,b,7,A
t12,b,8,A
t12,b,9,A
t12,b,10,A
t12,b,11,A
t12,b,12,A
t12,b,13,A
t12,b,14,A
t12,b,15,A
t12,b,16,A
t12,b,17,A
t12,b,18,A
t12,b,19,A
t12,b,20,A
t12,m,1,A
t12,m,2,A
t12,m,3,A
t12,m,4,A
t12,m,5,A
t12,m,6,A
t12,m,7,A
t12,m,8,A
t12,m,9,A
t12,m,10,A
t12,m,11,A
t12,m,12,A
t12,m,13,A
t12,m,14,A
t12,m,15,A
t12,m,16,A
t12,m,17,A
t12,m,18,A
t12,m,19,A
t12,m,20,A
t12,h,1,A
t12,h,2,A
t12,h,3,A
t12,h,4,A
t12,h,5,A
t12,h,6,A
t12,h,7,A
t12,h,8,A
t12,h,9,A
t12,h,10,A
t12,h,11,A
t12,h,12,A
t12,h,13,A
t12,h,14,A
t12,h,15,A
t12,h,16,A
t12,h,17,A
t12,h,18,A
t12,h,19,A
t12,h,20,A
t13,b,1,A
t13,b,2,A
t13,b,3,A
t13,b,4,A
t13,b,5,A
t13,b,6,A
t13,b,7,A
t13,b,8,A
t13,b,9,A
t13,b,10,A
t13,b,11,A
t13,b,12,A
t13,b,13,A
t13,b,14,A
t13,b,15,A
t13,b,16,A
t13,b,17,A
t13,b,18,A
t13,b,19,A
t13,b,20,A
t13,m,1,A
t13,m,2,A
t13,m,3,A
t13,m,4,A
t13,m,5,A
t13,m,6,A
t13,m,7,A
t13,m,8,A
t13,m,9,A
t13,m,10,A
t13,m,11,A
t13,m,12,A
t13,m,13,A
t13,m,14,A
t13,m,15,A
t13,m,16,A
t13,m,17,A
t13,m,18,A
t13,m,19,A
t13,m,20,A
t13,h,1,A
t13,h,2,A
t13,h,3,A
t13,h,4,A
t13,h,5,A
t13,h,6,A
t13,h,7,A
t13,h,8,A
t13,h,9,A
t13,h,10,A
t13,h,11,A
t13,h,12,A
t13,h,13,A
t13,h,14,A
t13,h,15,A
t13,h,16,A
t13,h,17,A
t13,h,18,A
t13,h,19,A
t13,h,20,A
t14,b,1,A
t14,b,2,A
t14,b,3,A
t14,b,4,A
t14,b,5,A
t14,b,6,A
t14,b,7,A
t14,b,8,A
t14,b,9,A
t14,b,10,A
t14,b,11,A
t14,b,12,A
t14,b,13,A
t14,b,14,A
t14,b,15,A
t14,b,16,A
t14,b,17,A
t14,b,18,A
t14,b,19,A
t14,b,20,A
t14,m,1,A
t14,m,2,A
t14,m,3,A
t14,m,4,A
t14,m,5,A
t14,m,6,A
t14,m,7,A
t14,m,8,A
t14,m,9,A
t14,m,10,A
t14,m,11,A
t14,m,12,A
t14,m,13,A
t14,m,14,A
t14,m,15,A
t14,m,16,A
t14,m,17,A
t14,m,18,A
t14,m,19,A
t14,m,20,A
t14,h,1,A
t14,h,2,A
t14,h,3,A
t14,h,4,A
t14,h,5,A
t14,h,6,A
t14,h,7,A
t14,h,8,A
t14,h,9,A
t14,h,10,A
t14,h,11,A
t14,h,12,A
t14,h,13,A
t14,h,14,A
t14,h,15,A
t14,h,16,A
t14,h,17,A
t14,h,18,A
t14,h,19,A
t14,h,20,A
t15,b,1,A
t15,b,2,A
t15,b,3,A
t15,b,4,A
t15,b,5,A
t15,b,6,A
t15,b,7,A
t15,b,8,A
t15,b,9,A
t15,b,10,A
t15,b,11,A
t15,b,12,A
t15,b,13,A
t15,b,14,A
t15,b,15,A
t15,b,16,A
t15,b,17,A
t15,b,18,A
t15,b,19,A
t15,b,20,A
t15,m,1,A
t15,m,2,A
t15,m,3,A
t15,m,4,A
t15,m,5,A
t15,m,6,A
t15,m,7,A
t15,m,8,A
t15,m,9,A
t15,m,10,A
t15,m,11,A
t15,m,12,A
t15,m,13,A
t15,m,14,A
t15,m,15,A
t15,m,16,A
t15,m,17,A
t15,m,18,A
t15,m,19,A
t15,m,20,A
t15,h,1,A
t15,h,2,A
t15,h,3,A
t15,h,4,A
t15,h,5,A
t15,h,6,A
t15,h,7,A
t15,h,8,A
t15,h,9,A
t15,h,10,A
t15,h,11,A
t15,h,12,A
t15,h,13,A
t15,h,14,A
t15,h,15,A
t15,h,16,A
t15,h,17,A
t15,h,18,A
t15,h,19,A
t15,h,20,A
t16,b,1,A
t16,b,2,A
t16,b,3,A
t16,b,4,A
t16,b,5,A
t16,b,6,A
t16,b,7,A
t16,b,8,A
t16,b,9,A
t16,b,10,A
t16,b,11,A
t16,b,12,A
t16,b,13,A
t16,b,14,A
t16,b,15,A
t16,b,16,A
t16,b,17,A
t16,b,18,A
t16,b,19,A
t16,b,20,A
t16,m,1,A
t16,m,2,A
t16,m,3,A
t16,m,4,A
t16,m,5,A
t16,m,6,A
t16,m,7,A
t16,m,8,A
t16,m,9,A
t16,m,10,A
t16,m,11,A
t16,m,12,A
t16,m,13,A
t16,m,14,A
t16,m,15,A
t16,m,16,A
t16,m,17,A
t16,m,18,A
t16,m,19,A
t16,m,20,A
t16,h,1,A
t16,h,2,A
t16,h,3,A
t16,h,4,A
t16,h,5,A
t16,h,6,A
t16,h,7,A
t16,h,8,A
t16,h,9,A
t16,h,10,A
t16,h,11,A
t16,h,12,A
t16,h,13,A
t16,h,14,A
t16,h,15,A
t16,h,16,A
t16,h,17,A
t16,h,18,A
t16,h,19,A
t16,h,20,A
t17,b,1,A
t17,b,2,A
t17,b,3,A
t17,b,4,A
t17,b,5,A
t17,b,6,A
t17,b,7,A
t17,b,8,A
t17,b,9,A
t17,b,10,A
t17,b,11,A
t17,b,12,A
t17,b,13,A
t17,b,14,A
t17,b,15,A
t17,b,16,A
t17,b,17,A
t17,b,18,A
t17,b,19,A
t17,b,20,A
t17,m,1,A
t17,m,2,A
t17,m,3,A
t17,m,4,A
t17,m,5,A
t17,m,6,A
t17,m,7,A
t17,m,8,A
t17,m,9,A
t17,m,10,A
t17,m,11,A
t17,m,12,A
t17,m,13,A
t17,m,14,A
t17,m,15,A
t17,m,16,A
t17,m,17,A
t17,m,18,A
t17,m,19,A
t17,m,20,A
t17,h,1,A
t17,h,2,A
t17,h,3,A
t17,h,4,A
t17,h,5,A
t17,h,6,A
t17,h,7,A
t17,h,8,A
t17,h,9,A
t17,h,10,A
t17,h,11,A
t17,h,12,A
t17,h,13,A
t17,h,14,A
t17,h,15,A
t17,h,16,A
t17,h,17,A
t17,h,18,A
t17,h,19,A
t17,h,20,A
t18,b,1,A
t18,b,2,A
t18,b,3,A
t18,b,4,A
t18,b,5,A
t18,b,6,A
t18,b,7,A
t18,b,8,A
t18,b,9,A
t18,b,10,A
t18,b,11,A
t18,b,12,A
t18,b,13,A
t18,b,14,A
t18,b,15,A
t18,b,16,A
t18,b,17,A
t18,b,18,A
t18,b,19,A
t18,b,20,A
t18,m,1,A
t18,m,2,A
t18,m,3,A
t18,m,4,A
t18,m,5,A
t18,m,6,A
t18,m,7,A
t18,m,8,A
t18,m,9,A
t18,m,10,A
t18,m,11,A
t18,m,12,A
t18,m,13,A
t18,m,14,A
t18,m,15,A
t18,m,16,A
t18,m,17,A
t18,m,18,A
t18,m,19,A
t18,m,20,A
t18,h,1,A
t18,h,2,A
t18,h,3,A
t18,h,4,A
t18,h,5,A
t18,h,6,A
t18,h,7,A
t18,h,8,A
t18,h,9,A
t18,h,10,A
t18,h,11,A
t18,h,12,A
t18,h,13,A
t18,h,14,A
t18,h,15,A
t18,h,16,A
t18,h,17,A
t18,h,18,A
t18,h,19,A
t18,h,20,A
t19,b,1,A
t19,b,2,A
t19,b,3,A
t19,b,4,A
t19,b,5,A
t19,b,6,A
t19,b,7,A
t19,b,8,A
t19,b,9,A
t19,b,10,A
t19,b,11,A
t19,b,12,A
t19,b,13,A
t19,b,14,A
t19,b,15,A
t19,b,16,A
t19,b,17,A
t19,b,18,A
t19,b,19,A
t19,b,20,A
t19,m,1,A
t19,m,2,A
t19,m,3,A
t19,m,4,A
t19,m,5,A
t19,m,6,A
t19,m,7,A
t19,m,8,A
t19,m,9,A
t19,m,10,A
t19,m,11,A
t19,m,12,A
t19,m,13,A
t19,m,14,A
t19,m,15,A
t19,m,16,A
t19,m,17,A
t19,m,18,A
t19,m,19,A
t19,m,20,A
t19,h,1,A
t19,h,2,A
t19,h,3,A
t19,h,4,A
t19,h,5,A
t19,h,6,A
t19,h,7,A
t19,h,8,A
t19,h,9,A
t19,h,10,A
t19,h,11,A
t19,h,12,A
t19,h,13,A
t19,h,14,A
t19,h,15,A
t19,h,16,A
t19,h,17,A
t19,h,18,A
t19,h,19,A
t19,h,20,A
t20,b,1,A
t20,b,2,A
t20,b,3,A
t20,b,4,A
t20,b,5,A
t20,b,6,A
t20,b,7,A
t20,b,8,A
t20,b,9,A
t20,b,10,A
t20,b,11,A
t20,b,12,A
t20,b,13,A
t20,b,14,A
t20,b,15,A
t20,b,16,A
t20,b,17,A
t20,b,18,A
t20,b,19,A
t20,b,20,A
t20,m,1,A
t20,m,2,A
t20,m,3,A
t20,m,4,A
t20,m,5,A
t20,m,6,A
t20,m,7,A
t20,m,8,A
t20,m,9,A
t20,m,10,A
t20,m,11,A
t20,m,12,A
t20,m,13,A
t20,m,14,A
t20,m,15,A
t20,m,16,A
t20,m,17,A
t20,m,18,A
t20,m,19,A
t20,m,20,A
t20,h,1,A
t20,h,2,A
t20,h,3,A
t20,h,4,A
t20,h,5,A
t20,h,6,A
t20,h,7,A
t20,h,8,A
t20,h,9,A
t20,h,10,A
t20,h,11,A
t20,h,12,A
t20,h,13,A
t20,h,14,A
t20,h,15,A
t20,h,16,A
t20,h,17,A
t20,h,18,A
t20,h,19,A
t20,h,20,A
t21,b,1,A
t21,b,2,A
t21,b,3,A
t21,b,4,A
t21,b,5,A
t21,b,6,A
t21,b,7,A
t21,b,8,A
t21,b,9,A
t21,b,10,A
t21,b,11,A
t21,b,12,A
t21,b,13,A
t21,b,14,A
t21,b,15,A
t21,b,16,A
t21,b,17,A
t21,b,18,A
t21,b,19,A
t21,b,20,A
t21,m,1,A
t21,m,2,A
t21,m,3,A
t21,m,4,A
t21,m,5,A
t21,m,6,A
t21,m,7,A
t21,m,8,A
t21,m,9,A
t21,m,10,A
t21,m,11,A
t21,m,12,A
t21,m,13,A
t21,m,14,A
t21,m,15,A
t21,m,16,A
t21,m,17,A
t21,m,18,A
t21,m,19,A
t21,m,20,A
t21,h,1,A
t21,h,2,A
t21,h,3,A
t21,h,4,A
t21,h,5,A
t21,h,6,A
t21,h,7,A
t21,h,8,A
t21,h,9,A
t21,h,10,A
t21,h,11,A
t21,h,12,A
t21,h,13,A
t21,h,14,A
t21,h,15,A
t21,h,16,A
t21,h,17,A
t21,h,18,A
t21,h,19,A
t21,h,20,A
t22,b,1,A
t22,b,2,A
t22,b,3,A
t22,b,4,A
t22,b,5,A
t22,b,6,A
t22,b,7,A
t22,b,8,A
t22,b,9,A
t22,b,10,A
t22,b,11,A
t22,b,12,A
t22,b,13,A
t22,b,14,A
t22,b,15,A
t22,b,16,A
t22,b,17,A
t22,b,18,A
t22,b,19,A
t22,b,20,A
t22,m,1,A
t22,m,2,A
t22,m,3,A
t22,m,4,A
t22,m,5,A
t22,m,6,A
t22,m,7,A
t22,m,8,A
t22,m,9,A
t22,m,10,A
t22,m,11,A
t22,m,12,A
t22,m,13,A
t22,m,14,A
t22,m,15,A
t22,m,16,A
t22,m,17,A
t22,m,18,A
t22,m,19,A
t22,m,20,A
t22,h,1,A
t22,h,2,A
t22,h,3,A
t22,h,4,A
t22,h,5,A
t22,h,6,A
t22,h,7,A
t22,h,8,A
t22,h,9,A
t22,h,10,A
t22,h,11,A
t22,h,12,A
t22,h,13,A
t22,h,14,A
t22,h,15,A
t22,h,16,A
t22,h,17,A
t22,h,18,A
t22,h,19,A
t22,h,20,A
t23,b,1,A
t23,b,2,A
t23,b,3,A
t23,b,4,A
t23,b,5,A
t23,b,6,A
t23,b,7,A
t23,b,8,A
t23,b,9,A
t23,b,10,A
t23,b,11,A
t23,b,12,A
t23,b,13,A
t23,b,14,A
t23,b,15,A
t23,b,16,A
t23,b,17,A
t23,b,18,A
t23,b,19,A
t23,b,20,A
t23,m,1,A
t23,m,2,A
t23,m,3,A
t23,m,4,A
t23,m,5,A
t23,m,6,A
t23,m,7,A
t23,m,8,A
t23,m,9,A
t23,m,10,A
t23,m,11,A
t23,m,12,A
t23,m,13,A
t23,m,14,A
t23,m,15,A
t23,m,16,A
t23,m,17,A
t23,m,18,A
t23,m,19,A
t23,m,20,A
t23,h,1,A
t23,h,2,A
t23,h,3,A
t23,h,4,A
t23,h,5,A
t23,h,6,A
t23,h,7,A
t23,h,8,A
t23,h,9,A
t23,h,10,A
t23,h,11,A
t23,h,12,A
t23,h,13,A
t23,h,14,A
t23,h,15,A
t23,h,16,A
t23,h,17,A
t23,h,18,A
t23,h,19,A
t23,h,20,A
t24,b,1,A
t24,b,2,A
t24,b,3,A
t24,b,4,A
t24,b,5,A
t24,b,6,A
t24,b,7,A
t24,b,8,A
t24,b,9,A
t24,b,10,A
t24,b,11,A
t24,b,12,A
t24,b,13,A
t24,b,14,A
t24,b,15,A
t24,b,16,A
t24,b,17,A
t24,b,18,A
t24,b,19,A
t24,b,20,A
t24,m,1,A
t24,m,2,A
t24,m,3,A
t24,m,4,A
t24,m,5,A
t24,m,6,A
t24,m,7,A
t24,m,8,A
t24,m,9,A
t24,m,10,A
t24,m,11,A
t24,m,12,A
t24,m,13,A
t24,m,14,A
t24,m,15,A
t24,m,16,A
t24,m,17,A
t24,m,18,A
t24,m,19,A
t24,m,20,A
t24,h,1,A
t24,h,2,A
t24,h,3,A
t24,h,4,A
t24,h,5,A
t24,h,6,A
t24,h,7,A
t24,h,8,A
t24,h,9,A
t24,h,10,A
t24,h,11,A
t24,h,12,A
t24,h,13,A
t24,h,14,A
t24,h,15,A
t24,h,16,A
t24,h,17,A
t24,h,18,A
t24,h,19,A
t24,h,20,A
t25,b,1,A
t25,b,2,A
t25,b,3,A
t25,b,4,A
t25,b,5,A
t25,b,6,A
t25,b,7,A
t25,b,8,A
t25,b,9,A
t25,b,10,A
t25,b,11,A
t25,b,12,A
t25,b,13,A
t25,b,14,A
t25,b,15,A
t25,b,16,A
t25,b,17,A
t25,b,18,A
t25,b,19,A
t25,b,20,A
t25,m,1,A
t25,m,2,A
t25,m,3,A
t25,m,4,A
t25,m,5,A
t25,m,6,A
t25,m,7,A
t25,m,8,A
t25,m,9,A
t25,m,10,A
t25,m,11,A
t25,m,12,A
t25,m,13,A
t25,m,14,A
t25,m,15,A
t25,m,16,A
t25,m,17,A
t25,m,18,A
t25,m,19,A
t25,m,20,A
t25,h,1,A
t25,h,2,A
t25,h,3,A
t25,h,4,A
t25,h,5,A
t25,h,6,A
t25,h,7,A
t25,h,8,A
t25,h,9,A
t25,h,10,A
t25,h,11,A
t25,h,12,A
t25,h,13,A
t25,h,14,A
t25,h,15,A
t25,h,16,A
t25,h,17,A
t25,h,18,A
t25,h,19,A
t25,h,20,A
t26,b,1,A
t26,b,2,A
t26,b,3,A
t26,b,4,A
t26,b,5,A
t26,b,6,A
t26,b,7,A
t26,b,8,A
t26,b,9,A
t26,b,10,A
t26,b,11,A
t26,b,12,A
t26,b,13,A
t26,b,14,A
t26,b,15,A
t26,b,16,A
t26,b,17,A
t26,b,18,A
t26,b,19,A
t26,b,20,A
t26,m,1,A
t26,m,2,A
t26,m,3,A
t26,m,4,A
t26,m,5,A
t26,m,6,A
t26,m,7,A
t26,m,8,A
t26,m,9,A
t26,m,10,A
t26,m,11,A
t26,m,12,A
t26,m,13,A
t26,m,14,A
t26,m,15,A
t26,m,16,A
t26,m,17,A
t26,m,18,A
t26,m,19,A
t26,m,20,A
t26,h,1,A
t26,h,2,A
t26,h,3,A
t26,h,4,A
t26,h,5,A
t26,h,6,A
t26,h,7,A
t26,h,8,A
t26,h,9,A
t26,h,10,A
t26,h,11,A
t26,h,12,A
t26,h,13,A
t26,h,14,A
t26,h,15,A
t26,h,16,A
t26,h,17,A
t26,h,18,A
t26,h,19,A
t26,h,20,A
t27,b,1,A
t27,b,2,A
t27,b,3,A
t27,b,4,A
t27,b,5,A
t27,b,6,A
t27,b,7,A
t27,b,8,A
t27,b,9,A
t27,b,10,A
t27,b,11,A
t27,b,12,A
t27,b,13,A
t27,b,14,A
t27,b,15,A
t27,b,16,A
t27,b,17,A
t27,b,18,A
t27,b,19,A
t27,b,20,A
t27,m,1,A
t27,m,2,A
t27,m,3,A
t27,m,4,A
t27,m,5,A
t27,m,6,A
t27,m,7,A
t27,m,8,A
t27,m,9,A
t27,m,10,A
t27,m,11,A
t27,m,12,A
t27,m,13,A
t27,m,14,A
t27,m,15,A
t27,m,16,A
t27,m,17,A
t27,m,18,A
t27,m,19,A
t27,m,20,A
t27,h,1,A
t27,h,2,A
t27,h,3,A
t27,h,4,A
t27,h,5,A
t27,h,6,A
t27,h,7,A
t27,h,8,A
t27,h,9,A
t27,h,10,A
t27,h,11,A
t27,h,12,A
t27,h,13,A
t27,h,14,A
t27,h,15,A
t27,h,16,A
t27,h,17,A
t27,h,18,A
t27,h,19,A
t27,h,20,A
t28,b,1,A
t28,b,2,A
t28,b,3,A
t28,b,4,A
t28,b,5,A
t28,b,6,A
t28,b,7,A
t28,b,8,A
t28,b,9,A
t28,b,10,A
t28,b,11,A
t28,b,12,A
t28,b,13,A
t28,b,14,A
t28,b,15,A
t28,b,16,A
t28,b,17,A
t28,b,18,A
t28,b,19,A
t28,b,20,A
t28,m,1,A
t28,m,2,A
t28,m,3,A
t28,m,4,A
t28,m,5,A
t28,m,6,A
t28,m,7,A
t28,m,8,A
t28,m,9,A
t28,m,10,A
t28,m,11,A
t28,m,12,A
t28,m,13,A
t28,m,14,A
t28,m,15,A
t28,m,16,A
t28,m,17,A
t28,m,18,A
t28,m,19,A
t28,m,20,A
t28,h,1,A
t28,h,2,A
t28,h,3,A
t28,h,4,A
t28,h,5,A
t28,h,6,A
t28,h,7,A
t28,h,8,A
t28,h,9,A
t28,h,10,A
t28,h,11,A
t28,h,12,A
t28,h,13,A
t28,h,14,A
t28,h,15,A
t28,h,16,A
t28,h,17,A
t28,h,18,A
t28,h,19,A
t28,h,20,A
t29,b,1,A
t29,b,2,A
t29,b,3,A
t29,b,4,A
t29,b,5,A
t29,b,6,A
t29,b,7,A
t29,b,8,A
t29,b,9,A
t29,b,10,A
t29,b,11,A
t29,b,12,A
t29,b,13,A
t29,b,14,A
t29,b,15,A
t29,b,16,A
t29,b,17,A
t29,b,18,A
t29,b,19,A
t29,b,20,A
t29,m,1,A
t29,m,2,A
t29,m,3,A
t29,m,4,A
t29,m,5,A
t29,m,6,A
t29,m,7,A
t29,m,8,A
t29,m,9,A
t29,m,10,A
t29,m,11,A
t29,m,12,A
t29,m,13,A
t29,m,14,A
t29,m,15,A
t29,m,16,A
t29,m,17,A
t29,m,18,A
t29,m,19,A
t29,m,20,A
t29,h,1,A
t29,h,2,A
t29,h,3,A
t29,h,4,A
t29,h,5,A
t29,h,6,A
t29,h,7,A
t29,h,8,A
t29,h,9,A
t29,h,10,A
t29,h,11,A
t29,h,12,A
t29,h,13,A
t29,h,14,A
t29,h,15,A
t29,h,16,A
t29,h,17,A
t29,h,18,A
t29,h,19,A
t29,h,20,A
t30,b,1,A
t30,b,2,A
t30,b,3,A
t30,b,4,A
t30,b,5,A
t30,b,6,A
t30,b,7,A
t30,b,8,A
t30,b,9,A
t30,b,10,A
t30,b,11,A
t30,b,12,A
t30,b,13,A
t30,b,14,A
t30,b,15,A
t30,b,16,A
t30,b,17,A
t30,b,18,A
t30,b,19,A
t30,b,20,A
t30,m,1,A
t30,m,2,A
t30,m,3,A
t30,m,4,A
t30,m,5,A
t30,m,6,A
t30,m,7,A
t30,m,8,A
t30,m,9,A
t30,m,10,A
t30,m,11,A
t30,m,12,A
t30,m,13,A
t30,m,14,A
t30,m,15,A
t30,m,16,A
t30,m,17,A
t30,m,18,A
t30,m,19,A
t30,m,20,A
t30,h,1,A
t30,h,2,A
t30,h,3,A
t30,h,4,A
t30,h,5,A
t30,h,6,A
t30,h,7,A
t30,h,8,A
t30,h,9,A
t30,h,10,A
t30,h,11,A
t30,h,12,A
t30,h,13,A
t30,h,14,A
t30,h,15,A
t30,h,16,A
t30,h,17,A
t30,h,18,A
t30,h,19,A
t30,h,20,A
t31,b,1,A
t31,b,2,A
t31,b,3,A
t31,b,4,A
t31,b,5,A
t31,b,6,A
t31,b,7,A
t31,b,8,A
t31,b,9,A
t31,b,10,A
t31,b,11,A
t31,b,12,A
t31,b,13,A
t31,b,14,A
t31,b,15,A
t31,b,16,A
t31,b,17,A
t31,b,18,A
t31,b,19,A
t31,b,20,A
t31,m,1,A
t31,m,2,A
t31,m,3,A
t31,m,4,A
t31,m,5,A
t31,m,6,A
t31,m,7,A
t31,m,8,A
t31,m,9,A
t31,m,10,A
t31,m,11,A
t31,m,12,A
t31,m,13,A
t31,m,14,A
t31,m,15,A
t31,m,16,A
t31,m,17,A
t31,m,18,A
t31,m,19,A
t31,m,20,A
t31,h,1,A
t31,h,2,A
t31,h,3,A
t31,h,4,A
t31,h,5,A
t31,h,6,A
t31,h,7,A
t31,h,8,A
t31,h,9,A
t31,h,10,A
t31,h,11,A
t31,h,12,A
t31,h,13,A
t31,h,14,A
t31,h,15,A
t31,h,16,A
t31,h,17,A
t31,h,18,A
t31,h,19,A
t31,h,20,A
t32,b,1,A
t32,b,2,A
t32,b,3,A
t32,b,4,A
t32,b,5,A
t32,b,6,A
t32,b,7,A
t32,b,8,A
t32,b,9,A
t32,b,10,A
t32,b,11,A
t32,b,12,A
t32,b,13,A
t32,b,14,A
t32,b,15,A
t32,b,16,A
t32,b,17,A
t32,b,18,A
t32,b,19,A
t32,b,20,A
t32,m,1,A
t32,m,2,A
t32,m,3,A
t32,m,4,A
t32,m,5,A
t32,m,6,A
t32,m,7,A
t32,m,8,A
t32,m,9,A
t32,m,10,A
t32,m,11,A
t32,m,12,A
t32,m,13,A
t32,m,14,A
t32,m,15,A
t32,m,16,A
t32,m,17,A
t32,m,18,A
t32,m,19,A
t32,m,20,A
t32,h,1,A
t32,h,2,A
t32,h,3,A
t32,h,4,A
t32,h,5,A
t32,h,6,A
t32,h,7,A
t32,h,8,A
t32,h,9,A
t32,h,10,A
t32,h,11,A
t32,h,12,A
t32,h,13,A
t32,h,14,A
t32,h,15,A
t32,h,16,A
t32,h,17,A
t32,h,18,A
t32,h,19,A
t32,h,20,A
t33,b,1,A
t33,b,2,A
t33,b,3,A
t33,b,4,A
t33,b,5,A
t33,b,6,A
t33,b,7,A
t33,b,8,A
t33,b,9,A
t33,b,10,A
t33,b,11,A
t33,b,12,A
t33,b,13,A
t33,b,14,A
t33,b,15,A
t33,b,16,A
t33,b,17,A
t33,b,18,A
t33,b,19,A
t33,b,20,A
t33,m,1,A
t33,m,2,A
t33,m,3,A
t33,m,4,A
t33,m,5,A
t33,m,6,A
t33,m,7,A
t33,m,8,A
t33,m,9,A
t33,m,10,A
t33,m,11,A
t33,m,12,A
t33,m,13,A
t33,m,14,A
t33,m,15,A
t33,m,16,A
t33,m,17,A
t33,m,18,A
t33,m,19,A
t33,m,20,A
t33,h,1,A
t33,h,2,A
t33,h,3,A
t33,h,4,A
t33,h,5,A
t33,h,6,A
t33,h,7,A
t33,h,8,A
t33,h,9,A
t33,h,10,A
t33,h,11,A
t33,h,12,A
t33,h,13,A
t33,h,14,A
t33,h,15,A
t33,h,16,A
t33,h,17,A
t33,h,18,A
t33,h,19,A
t33,h,20,A
t34,b,1,A
t34,b,2,A
t34,b,3,A
t34,b,4,A
t34,b,5,A
t34,b,6,A
t34,b,7,A
t34,b,8,A
t34,b,9,A
t34,b,10,A
t34,b,11,A
t34,b,12,A
t34,b,13,A
t34,b,14,A
t34,b,15,A
t34,b,16,A
t34,b,17,A
t34,b,18,A
t34,b,19,A
t34,b,20,A
t34,m,1,A
t34,m,2,A
t34,m,3,A
t34,m,4,A
t34,m,5,A
t34,m,6,A
t34,m,7,A
t34,m,8,A
t34,m,9,A
t34,m,10,A
t34,m,11,A
t34,m,12,A
t34,m,13,A
t34,m,14,A
t34,m,15,A
t34,m,16,A
t34,m,17,A
t34,m,18,A
t34,m,19,A
t34,m,20,A
t34,h,1,A
t34,h,2,A
t34,h,3,A
t34,h,4,A
t34,h,5,A
t34,h,6,A
t34,h,7,A
t34,h,8,A
t34,h,9,A
t34,h,10,A
t34,h,11,A
t34,h,12,A
t34,h,13,A
t34,h,14,A
t34,h,15,A
t34,h,16,A
t34,h,17,A
t34,h,18,A
t34,h,19,A
t34,h,20,A
t35,b,1,A
t35,b,2,A
t35,b,3,A
t35,b,4,A
t35,b,5,A
t35,b,6,A
t35,b,7,A
t35,b,8,A
t35,b,9,A
t35,b,10,A
t35,b,11,A
t35,b,12,A
t35,b,13,A
t35,b,14,A
t35,b,15,A
t35,b,16,A
t35,b,17,A
t35,b,18,A
t35,b,19,A
t35,b,20,A
t35,m,1,A
t35,m,2,A
t35,m,3,A
t35,m,4,A
t35,m,5,A
t35,m,6,A
t35,m,7,A
t35,m,8,A
t35,m,9,A
t35,m,10,A
t35,m,11,A
t35,m,12,A
t35,m,13,A
t35,m,14,A
t35,m,15,A
t35,m,16,A
t35,m,17,A
t35,m,18,A
t35,m,19,A
t35,m,20,A
t35,h,1,A
t35,h,2,A
t35,h,3,A
t35,h,4,A
t35,h,5,A
t35,h,6,A
t35,h,7,A
t35,h,8,A
t35,h,9,A
t35,h,10,A
t35,h,11,A
t35,h,12,A
t35,h,13,A
t35,h,14,A
t35,h,15,A
t35,h,16,A
t35,h,17,A
t35,h,18,A
t35,h,19,A
t35,h,20,A
t36,b,1,A
t36,b,2,A
t36,b,3,A
t36,b,4,A
t36,b,5,A
t36,b,6,A
t36,b,7,A
t36,b,8,A
t36,b,9,A
t36,b,10,A
t36,b,11,A
t36,b,12,A
t36,b,13,A
t36,b,14,A
t36,b,15,A
t36,b,16,A
t36,b,17,A
t36,b,18,A
t36,b,19,A
t36,b,20,A
t36,m,1,A
t36,m,2,A
t36,m,3,A
t36,m,4,A
t36,m,5,A
t36,m,6,A
t36,m,7,A
t36,m,8,A
t36,m,9,A
t36,m,10,A
t36,m,11,A
t36,m,12,A
t36,m,13,A
t36,m,14,A
t36,m,15,A
t36,m,16,A
t36,m,17,A
t36,m,18,A
t36,m,19,A
t36,m,20,A
t36,h,1,A
t36,h,2,A
t36,h,3,A
t36,h,4,A
t36,h,5,A
t36,h,6,A
t36,h,7,A
t36,h,8,A
t36,h,9,A
t36,h,10,A
t36,h,11,A
t36,h,12,A
t36,h,13,A
t36,h,14,A
t36,h,15,A
t36,h,16,A
t36,h,17,A
t36,h,18,A
t36,h,19,A
t36,h,20,A
t37,b,1,A
t37,b,2,A
t37,b,3,A
t37,b,4,A
t37,b,5,A
t37,b,6,A
t37,b,7,A
t37,b,8,A
t37,b,9,A
t37,b,10,A
t37,b,11,A
t37,b,12,A
t37,b,13,A
t37,b,14,A
t37,b,15,A
t37,b,16,A
t37,b,17,A
t37,b,18,A
t37,b,19,A
t37,b,20,A
t37,m,1,A
t37,m,2,A
t37,m,3,A
t37,m,4,A
t37,m,5,A
t37,m,6,A
t37,m,7,A
t37,m,8,A
t37,m,9,A
t37,m,10,A
t37,m,11,A
t37,m,12,A
t37,m,13,A
t37,m,14,A
t37,m,15,A
t37,m,16,A
t37,m,17,A
t37,m,18,A
t37,m,19,A
t37,m,20,A
t37,h,1,A
t37,h,2,A
t37,h,3,A
t37,h,4,A
t37,h,5,A
t37,h,6,A
t37,h,7,A
t37,h,8,A
t37,h,9,A
t37,h,10,A
t37,h,11,A
t37,h,12,A
t37,h,13,A
t37,h,14,A
t37,h,15,A
t37,h,16,A
t37,h,17,A
t37,h,18,A
t37,h,19,A
t37,h,20,A
t38,b,1,A
t38,b,2,A
t38,b,3,A
t38,b,4,A
t38,b,5,A
t38,b,6,A
t38,b,7,A
t38,b,8,A
t38,b,9,A
t38,b,10,A
t38,b,11,A
t38,b,12,A
t38,b,13,A
t38,b,14,A
t38,b,15,A
t38,b,16,A
t38,b,17,A
t38,b,18,A
t38,b,19,A
t38,b,20,A
t38,m,1,A
t38,m,2,A
t38,m,3,A
t38,m,4,A
t38,m,5,A
t38,m,6,A
t38,m,7,A
t38,m,8,A
t38,m,9,A
t38,m,10,A
t38,m,11,A
t38,m,12,A
t38,m,13,A
t38,m,14,A
t38,m,15,A
t38,m,16,A
t38,m,17,A
t38,m,18,A
t38,m,19,A
t38,m,20,A
t38,h,1,A
t38,h,2,A
t38,h,3,A
t38,h,4,A
t38,h,5,A
t38,h,6,A
t38,h,7,A
t38,h,8,A
t38,h,9,A
t38,h,10,A
t38,h,11,A
t38,h,12,A
t38,h,13,A
t38,h,14,A
t38,h,15,A
t38,h,16,A
t38,h,17,A
t38,h,18,A
t38,h,19,A
t38,h,20,A
t39,b,1,A
t39,b,2,A
t39,b,3,A
t39,b,4,A
t39,b,5,A
t39,b,6,A
t39,b,7,A
t39,b,8,A
t39,b,9,A
t39,b,10,A
t39,b,11,A
t39,b,12,A
t39,b,13,A
t39,b,14,A
t39,b,15,A
t39,b,16,A
t39,b,17,A
t39,b,18,A
t39,b,19,A
t39,b,20,A
t39,m,1,A
t39,m,2,A
t39,m,3,A
t39,m,4,A
t39,m,5,A
t39,m,6,A
t39,m,7,A
t39,m,8,A
t39,m,9,A
t39,m,10,A
t39,m,11,A
t39,m,12,A
t39,m,13,A
t39,m,14,A
t39,m,15,A
t39,m,16,A
t39,m,17,A
t39,m,18,A
t39,m,19,A
t39,m,20,A
t39,h,1,A
t39,h,2,A
t39,h,3,A
t39,h,4,A
t39,h,5,A
t39,h,6,A
t39,h,7,A
t39,h,8,A
t39,h,9,A
t39,h,10,A
t39,h,11,A
t39,h,12,A
t39,h,13,A
t39,h,14,A
t39,h,15,A
t39,h,16,A
t39,h,17,A
t39,h,18,A
t39,h,19,A
t39,h,20,A
t40,b,1,A
t40,b,2,A
t40,b,3,A
t40,b,4,A
t40,b,5,A
t40,b,6,A
t40,b,7,A
t40,b,8,A
t40,b,9,A
t40,b,10,A
t40,b,11,A
t40,b,12,A
t40,b,13,A
t40,b,14,A
t40,b,15,A
t40,b,16,A
t40,b,17,A
t40,b,18,A
t40,b,19,A
t40,b,20,A
t40,m,1,A
t40,m,2,A
t40,m,3,A
t40,m,4,A
t40,m,5,A
t40,m,6,A
t40,m,7,A
t40,m,8,A
t40,m,9,A
t40,m,10,A
t40,m,11,A
t40,m,12,A
t40,m,13,A
t40,m,14,A
t40,m,15,A
t40,m,16,A
t40,m,17,A
t40,m,18,A
t40,m,19,A
t40,m,20,A
t40,h,1,A
t40,h,2,A
t40,h,3,A
t40,h,4,A
t40,h,5,A
t40,h,6,A
t40,h,7,A
t40,h,8,A
t40,h,9,A
t40,h,10,A
t40,h,11,A
t40,h,12,A
t40,h,13,A
t40,h,14,A
t40,h,15,A
t40,h,16,A
t40,h,17,A
t40,h,18,A
t40,h,19,A
t40,h,20,A
t41,b,1,A
t41,b,2,A
t41,b,3,A
t41,b,4,A
t41,b,5,A
t41,b,6,A
t41,b,7,A
t41,b,8,A
t41,b,9,A
t41,b,10,A
t41,b,11,A
t41,b,12,A
t41,b,13,A
t41,b,14,A
t41,b,15,A
t41,b,16,A
t41,b,17,A
t41,b,18,A
t41,b,19,A
t41,b,20,A
t41,m,1,A
t41,m,2,A
t41,m,3,A
t41,m,4,A
t41,m,5,A
t41,m,6,A
t41,m,7,A
t41,m,8,A
t41,m,9,A
t41,m,10,A
t41,m,11,A
t41,m,12,A
t41,m,13,A
t41,m,14,A
t41,m,15,A
t41,m,16,A
t41,m,17,A
t41,m,18,A
t41,m,19,A
t41,m,20,A
t41,h,1,A
t41,h,2,A
t41,h,3,A
t41,h,4,A
t41,h,5,A
t41,h,6,A
t41,h,7,A
t41,h,8,A
t41,h,9,A
t41,h,10,A
t41,h,11,A
t41,h,12,A
t41,h,13,A
t41,h,14,A
t41,h,15,A
t41,h,16,A
t41,h,17,A
t41,h,18,A
t41,h,19,A
t41,h,20,A
t42,b,1,A
t42,b,2,A
t42,b,3,A
t42,b,4,A
t42,b,5,A
t42,b,6,A
t42,b,7,A
t42,b,8,A
t42,b,9,A
t42,b,10,A
t42,b,11,A
t42,b,12,A
t42,b,13,A
t42,b,14,A
t42,b,15,A
t42,b,16,A
t42,b,17,A
t42,b,18,A
t42,b,19,A
t42,b,20,A
t42,m,1,A
t42,m,2,A
t42,m,3,A
t42,m,4,A
t42,m,5,A
t42,m,6,A
t42,m,7,A
t42,m,8,A
t42,m,9,A
t42,m,10,A
t42,m,11,A
t42,m,12,A
t42,m,13,A
t42,m,14,A
t42,m,15,A
t42,m,16,A
t42,m,17,A
t42,m,18,A
t42,m,19,A
t42,m,20,A
t42,h,1,A
t42,h,2,A
t42,h,3,A
t42,h,4,A
t42,h,5,A
t42,h,6,A
t42,h,7,A
t42,h,8,A
t42,h,9,A
t42,h,10,A
t42,h,11,A
t42,h,12,A
t42,h,13,A
t42,h,14,A
t42,h,15,A
t42,h,16,A
t42,h,17,A
t42,h,18,A
t42,h,19,A
t42,h,20,A
t43,b,1,A
t43,b,2,A
t43,b,3,A
t43,b,4,A
t43,b,5,A
t43,b,6,A
t43,b,7,A
t43,b,8,A
t43,b,9,A
t43,b,10,A
t43,b,11,A
t43,b,12,A
t43,b,13,A
t43,b,14,A
t43,b,15,A
t43,b,16,A
t43,b,17,A
t43,b,18,A
t43,b,19,A
t43,b,20,A
t43,m,1,A
t43,m,2,A
t43,m,3,A
t43,m,4,A
t43,m,5,A
t43,m,6,A
t43,m,7,A
t43,m,8,A
t43,m,9,A
t43,m,10,A
t43,m,11,A
t43,m,12,A
t43,m,13,A
t43,m,14,A
t43,m,15,A
t43,m,16,A
t43,m,17,A
t43,m,18,A
t43,m,19,A
t43,m,20,A
t43,h,1,A
t43,h,2,A
t43,h,3,A
t43,h,4,A
t43,h,5,A
t43,h,6,A
t43,h,7,A
t43,h,8,A
t43,h,9,A
t43,h,10,A
t43,h,11,A
t43,h,12,A
t43,h,13,A
t43,h,14,A
t43,h,15,A
t43,h,16,A
t43,h,17,A
t43,h,18,A
t43,h,19,A
t43,h,20,A
t44,b,1,A
t44,b,2,A
t44,b,3,A
t44,b,4,A
t44,b,5,A
t44,b,6,A
t44,b,7,A
t44,b,8,A
t44,b,9,A
t44,b,10,A
t44,b,11,A
t44,b,12,A
t44,b,13,A
t44,b,14,A
t44,b,15,A
t44,b,16,A
t44,b,17,A
t44,b,18,A
t44,b,19,A
t44,b,20,A
t44,m,1,A
t44,m,2,A
t44,m,3,A
t44,m,4,A
t44,m,5,A
t44,m,6,A
t44,m,7,A
t44,m,8,A
t44,m,9,A
t44,m,10,A
t44,m,11,A
t44,m,12,A
t44,m,13,A
t44,m,14,A
t44,m,15,A
t44,m,16,A
t44,m,17,A
t44,m,18,A
t44,m,19,A
t44,m,20,A
t44,h,1,A
t44,h,2,A
t44,h,3,A
t44,h,4,A
t44,h,5,A
t44,h,6,A
t44,h,7,A
t44,h,8,A
t44,h,9,A
t44,h,10,A
t44,h,11,A
t44,h,12,A
t44,h,13,A
t44,h,14,A
t44,h,15,A
t44,h,16,A
t44,h,17,A
t44,h,18,A
t44,h,19,A
t44,h,20,A
t45,b,1,A
t45,b,2,A
t45,b,3,A
t45,b,4,A
t45,b,5,A
t45,b,6,A
t45,b,7,A
t45,b,8,A
t45,b,9,A
t45,b,10,A
t45,b,11,A
t45,b,12,A
t45,b,13,A
t45,b,14,A
t45,b,15,A
t45,b,16,A
t45,b,17,A
t45,b,18,A
t45,b,19,A
t45,b,20,A
t45,m,1,A
t45,m,2,A
t45,m,3,A
t45,m,4,A
t45,m,5,A
t45,m,6,A
t45,m,7,A
t45,m,8,A
t45,m,9,A
t45,m,10,A
t45,m,11,A
t45,m,12,A
t45,m,13,A
t45,m,14,A
t45,m,15,A
t45,m,16,A
t45,m,17,A
t45,m,18,A
t45,m,19,A
t45,m,20,A
t45,h,1,A
t45,h,2,A
t45,h,3,A
t45,h,4,A
t45,h,5,A
t45,h,6,A
t45,h,7,A
t45,h,8,A
t45,h,9,A
t45,h,10,A
t45,h,11,A
t45,h,12,A
t45,h,13,A
t45,h,14,A
t45,h,15,A
t45,h,16,A
t45,h,17,A
t45,h,18,A
t45,h,19,A
t45,h,20,A
t46,b,1,A
t46,b,2,A
t46,b,3,A
t46,b,4,A
t46,b,5,A
t46,b,6,A
t46,b,7,A
t46,b,8,A
t46,b,9,A
t46,b,10,A
t46,b,11,A
t46,b,12,A
t46,b,13,A
t46,b,14,A
t46,b,15,A
t46,b,16,A
t46,b,17,A
t46,b,18,A
t46,b,19,A
t46,b,20,A
t46,m,1,A
t46,m,2,A
t46,m,3,A
t46,m,4,A
t46,m,5,A
t46,m,6,A
t46,m,7,A
t46,m,8,A
t46,m,9,A
t46,m,10,A
t46,m,11,A
t46,m,12,A
t46,m,13,A
t46,m,14,A
t46,m,15,A
t46,m,16,A
t46,m,17,A
t46,m,18,A
t46,m,19,A
t46,m,20,A
t46,h,1,A
t46,h,2,A
t46,h,3,A
t46,h,4,A
t46,h,5,A
t46,h,6,A
t46,h,7,A
t46,h,8,A
t46,h,9,A
t46,h,10,A
t46,h,11,A
t46,h,12,A
t46,h,13,A
t46,h,14,A
t46,h,15,A
t46,h,16,A
t46,h,17,A
t46,h,18,A
t46,h,19,A
t46,h,20,A
t47,b,1,A
t47,b,2,A
t47,b,3,A
t47,b,4,A
t47,b,5,A
t47,b,6,A
t47,b,7,A
t47,b,8,A
t47,b,9,A
t47,b,10,A
t47,b,11,A
t47,b,12,A
t47,b,13,A
t47,b,14,A
t47,b,15,A
t47,b,16,A
t47,b,17,A
t47,b,18,A
t47,b,19,A
t47,b,20,A
t47,m,1,A
t47,m,2,A
t47,m,3,A
t47,m,4,A
t47,m,5,A
t47,m,6,A
t47,m,7,A
t47,m,8,A
t47,m,9,A
t47,m,10,A
t47,m,11,A
t47,m,12,A
t47,m,13,A
t47,m,14,A
t47,m,15,A
t47,m,16,A
t47,m,17,A
t47,m,18,A
t47,m,19,A
t47,m,20,A
t47,h,1,A
t47,h,2,A
t47,h,3,A
t47,h,4,A
t47,h,5,A
t47,h,6,A
t47,h,7,A
t47,h,8,A
t47,h,9,A
t47,h,10,A
t47,h,11,A
t47,h,12,A
t47,h,13,A
t47,h,14,A
t47,h,15,A
t47,h,16,A
t47,h,17,A
t47,h,18,A
t47,h,19,A
t47,h,20,A
t48,b,1,A
t48,b,2,A
t48,b,3,A
t48,b,4,A
t48,b,5,A
t48,b,6,A
t48,b,7,A
t48,b,8,A
t48,b,9,A
t48,b,10,A
t48,b,11,A
t48,b,12,A
t48,b,13,A
t48,b,14,A
t48,b,15,A
t48,b,16,A
t48,b,17,A
t48,b,18,A
t48,b,19,A
t48,b,20,A
t48,m,1,A
t48,m,2,A
t48,m,3,A
t48,m,4,A
t48,m,5,A
t48,m,6,A
t48,m,7,A
t48,m,8,A
t48,m,9,A
t48,m,10,A
t48,m,11,A
t48,m,12,A
t48,m,13,A
t48,m,14,A
t48,m,15,A
t48,m,16,A
t48,m,17,A
t48,m,18,A
t48,m,19,A
t48,m,20,A
t48,h,1,A
t48,h,2,A
t48,h,3,A
t48,h,4,A
t48,h,5,A
t48,h,6,A
t48,h,7,A
t48,h,8,A
t48,h,9,A
t48,h,10,A
t48,h,11,A
t48,h,12,A
t48,h,13,A
t48,h,14,A
t48,h,15,A
t48,h,16,A
t48,h,17,A
t48,h,18,A
t48,h,19,A
t48,h,20,A
t49,b,1,A
t49,b,2,A
t49,b,3,A
t49,b,4,A
t49,b,5,A
t49,b,6,A
t49,b,7,A
t49,b,8,A
t49,b,9,A
t49,b,10,A
t49,b,11,A
t49,b,12,A
t49,b,13,A
t49,b,14,A
t49,b,15,A
t49,b,16,A
t49,b,17,A
t49,b,18,A
t49,b,19,A
t49,b,20,A
t49,m,1,A
t49,m,2,A
t49,m,3,A
t49,m,4,A
t49,m,5,A
t49,m,6,A
t49,m,7,A
t49,m,8,A
t49,m,9,A
t49,m,10,A
t49,m,11,A
t49,m,12,A
t49,m,13,A
t49,m,14,A
t49,m,15,A
t49,m,16,A
t49,m,17,A
t49,m,18,A
t49,m,19,A
t49,m,20,A
t49,h,1,A
t49,h,2,A
t49,h,3,A
t49,h,4,A
t49,h,5,A
t49,h,6,A
t49,h,7,A
t49,h,8,A
t49,h,9,A
t49,h,10,A
t49,h,11,A
t49,h,12,A
t49,h,13,A
t49,h,14,A
t49,h,15,A
t49,h,16,A
t49,h,17,A
t49,h,18,A
t49,h,19,A
t49,h,20,A
t50,b,1,A
t50,b,2,A
t50,b,3,A
t50,b,4,A
t50,b,5,A
t50,b,6,A
t50,b,7,A
t50,b,8,A
t50,b,9,A
t50,b,10,A
t50,b,11,A
t50,b,12,A
t50,b,13,A
t50,b,14,A
t50,b,15,A
t50,b,16,A
t50,b,17,A
t50,b,18,A
t50,b,19,A
t50,b,20,A
t50,m,1,A
t50,m,2,A
t50,m,3,A
t50,m,4,A
t50,m,5,A
t50,m,6,A
t50,m,7,A
t50,m,8,A
t50,m,9,A
t50,m,10,A
t50,m,11,A
t50,m,12,A
t50,m,13,A
t50,m,14,A
t50,m,15,A
t50,m,16,A
t50,m,17,A
t50,m,18,A
t50,m,19,A
t50,m,20,A
t50,h,1,A
t50,h,2,A
t50,h,3,A
t50,h,4,A
t50,h,5,A
t50,h,6,A
t50,h,7,A
t50,h,8,A
t50,h,9,A
t50,h,10,A
t50,h,11,A
t50,h,12,A
t50,h,13,A
t50,h,14,A
t50,h,15,A
t50,h,16,A
t50,h,17,A
t50,h,18,A
t50,h,19,A
t50,h,20,A
t51,b,1,A
t51,b,2,A
t51,b,3,A
t51,b,4,A
t51,b,5,A
t51,b,6,A
t51,b,7,A
t51,b,8,A
t51,b,9,A
t51,b,10,A
t51,b,11,A
t51,b,12,A
t51,b,13,A
t51,b,14,A
t51,b,15,A
t51,b,16,A
t51,b,17,A
t51,b,18,A
t51,b,19,A
t51,b,20,A
t51,m,1,A
t51,m,2,A
t51,m,3,A
t51,m,4,A
t51,m,5,A
t51,m,6,A
t51,m,7,A
t51,m,8,A
t51,m,9,A
t51,m,10,A
t51,m,11,A
t51,m,12,A
t51,m,13,A
t51,m,14,A
t51,m,15,A
t51,m,16,A
t51,m,17,A
t51,m,18,A
t51,m,19,A
t51,m,20,A
t51,h,1,A
t51,h,2,A
t51,h,3,A
t51,h,4,A
t51,h,5,A
t51,h,6,A
t51,h,7,A
t51,h,8,A
t51,h,9,A
t51,h,10,A
t51,h,11,A
t51,h,12,A
t51,h,13,A
t51,h,14,A
t51,h,15,A
t51,h,16,A
t51,h,17,A
t51,h,18,A
t51,h,19,A
t51,h,20,A
t52,b,1,A
t52,b,2,A
t52,b,3,A
t52,b,4,A
t52,b,5,A
t52,b,6,A
t52,b,7,A
t52,b,8,A
t52,b,9,A
t52,b,10,A
t52,b,11,A
t52,b,12,A
t52,b,13,A
t52,b,14,A
t52,b,15,A
t52,b,16,A
t52,b,17,A
t52,b,18,A
t52,b,19,A
t52,b,20,A
t52,m,1,A
t52,m,2,A
t52,m,3,A
t52,m,4,A
t52,m,5,A
t52,m,6,A
t52,m,7,A
t52,m,8,A
t52,m,9,A
t52,m,10,A
t52,m,11,A
t52,m,12,A
t52,m,13,A
t52,m,14,A
t52,m,15,A
t52,m,16,A
t52,m,17,A
t52,m,18,A
t52,m,19,A
t52,m,20,A
t52,h,1,A
t52,h,2,A
t52,h,3,A
t52,h,4,A
t52,h,5,A
t52,h,6,A
t52,h,7,A
t52,h,8,A
t52,h,9,A
t52,h,10,A
t52,h,11,A
t52,h,12,A
t52,h,13,A
t52,h,14,A
t52,h,15,A
t52,h,16,A
t52,h,17,A
t52,h,18,A
t52,h,19,A
t52,h,20,A
t53,b,1,A
t53,b,2,A
t53,b,3,A
t53,b,4,A
t53,b,5,A
t53,b,6,A
t53,b,7,A
t53,b,8,A
t53,b,9,A
t53,b,10,A
t53,b,11,A
t53,b,12,A
t53,b,13,A
t53,b,14,A
t53,b,15,A
t53,b,16,A
t53,b,17,A
t53,b,18,A
t53,b,19,A
t53,b,20,A
t53,m,1,A
t53,m,2,A
t53,m,3,A
t53,m,4,A
t53,m,5,A
t53,m,6,A
t53,m,7,A
t53,m,8,A
t53,m,9,A
t53,m,10,A
t53,m,11,A
t53,m,12,A
t53,m,13,A
t53,m,14,A
t53,m,15,A
t53,m,16,A
t53,m,17,A
t53,m,18,A
t53,m,19,A
t53,m,20,A
t53,h,1,A
t53,h,2,A
t53,h,3,A
t53,h,4,A
t53,h,5,A
t53,h,6,A
t53,h,7,A
t53,h,8,A
t53,h,9,A
t53,h,10,A
t53,h,11,A
t53,h,12,A
t53,h,13,A
t53,h,14,A
t53,h,15,A
t53,h,16,A
t53,h,17,A
t53,h,18,A
t53,h,19,A
t53,h,20,A
t54,b,1,A
t54,b,2,A
t54,b,3,A
t54,b,4,A
t54,b,5,A
t54,b,6,A
t54,b,7,A
t54,b,8,A
t54,b,9,A
t54,b,10,A
t54,b,11,A
t54,b,12,A
t54,b,13,A
t54,b,14,A
t54,b,15,A
t54,b,16,A
t54,b,17,A
t54,b,18,A
t54,b,19,A
t54,b,20,A
t54,m,1,A
t54,m,2,A
t54,m,3,A
t54,m,4,A
t54,m,5,A
t54,m,6,A
t54,m,7,A
t54,m,8,A
t54,m,9,A
t54,m,10,A
t54,m,11,A
t54,m,12,A
t54,m,13,A
t54,m,14,A
t54,m,15,A
t54,m,16,A
t54,m,17,A
t54,m,18,A
t54,m,19,A
t54,m,20,A
t54,h,1,A
t54,h,2,A
t54,h,3,A
t54,h,4,A
t54,h,5,A
t54,h,6,A
t54,h,7,A
t54,h,8,A
t54,h,9,A
t54,h,10,A
t54,h,11,A
t54,h,12,A
t54,h,13,A
t54,h,14,A
t54,h,15,A
t54,h,16,A
t54,h,17,A
t54,h,18,A
t54,h,19,A
t54,h,20,A
t55,b,1,A
t55,b,2,A
t55,b,3,A
t55,b,4,A
t55,b,5,A
t55,b,6,A
t55,b,7,A
t55,b,8,A
t55,b,9,A
t55,b,10,A
t55,b,11,A
t55,b,12,A
t55,b,13,A
t55,b,14,A
t55,b,15,A
t55,b,16,A
t55,b,17,A
t55,b,18,A
t55,b,19,A
t55,b,20,A
t55,m,1,A
t55,m,2,A
t55,m,3,A
t55,m,4,A
t55,m,5,A
t55,m,6,A
t55,m,7,A
t55,m,8,A
t55,m,9,A
t55,m,10,A
t55,m,11,A
t55,m,12,A
t55,m,13,A
t55,m,14,A
t55,m,15,A
t55,m,16,A
t55,m,17,A
t55,m,18,A
t55,m,19,A
t55,m,20,A
t55,h,1,A
t55,h,2,A
t55,h,3,A
t55,h,4,A
t55,h,5,A
t55,h,6,A
t55,h,7,A
t55,h,8,A
t55,h,9,A
t55,h,10,A
t55,h,11,A
t55,h,12,A
t55,h,13,A
t55,h,14,A
t55,h,15,A
t55,h,16,A
t55,h,17,A
t55,h,18,A
t55,h,19,A
t55,h,20,A
